id,text,label
tr0000,Аттестация пройдена. ЖДЕМ результаты!,positive
tr0001,"Хэй, пипл! Есть че по Солженицыну? Конкретно интересует: Архипелаг ГУЛАГ и Раковый корпус. Не хочется покупать и в библиотеке торчать. Скорое прочтение обезать не могу, но ГАРАНТИРУЮ возврат и бережное отношение к книге! Репост и все дела)",neutral
tr0002,Архив журнала | D Y S T O P I A,neutral
tr0003,Нам 2 месяца!!! Ура!!!,positive
tr0004,""" если человек вам снится- значит он хочет вас увидеть"" 
О ДА! ИВАН ОХЛАБЫСТИН, ЙЕН СОМЕРХАЛЬДЕР, ДЖОННИ ДЕП, МАРИО КАСАС И ЕЩЕ МНОГО КРАСАВЧИКОВ МЕЧТАЮТ МЕНЯ УВИДЕТЬ!",positive
tr0005,Клааасс!!!,positive
tr0006,почему у меня радио не играет?,neutral
tr0007,"Виталик, один из МиниТестов показал следующий результат, смотри ниже. Много других тестов здесь - vk.com/minitest",neutral
tr0008,Можно сделать петарду),neutral
tr0009,Калифорникейшн есть 1я серия 5 сезона,neutral
tr0010,честно кормлю кота поливаю кактус,neutral
tr0011,"Набережные Челны 
Родина Камаза",neutral
tr0012,Вот это вообще трендец. Видать не зря ФСБ писали Павлу Дурову.,negative
tr0013,Ты мне сестра,neutral
tr0014,"Вернулась, наконец. Довольна, счастлива, отдохнувша. Родная комната встречает стикером ""существование предшествует сущности"", как обычно.",positive
tr0015,географию писали?),neutral
tr0016,"Женщина пахнет ядом, 
Риском опасных встреч. 
Женщина пахнет наградой, 
Если ее беречь. 
Пахнут ванилью руки, 
Соленой слезой иногда, 
Если рекой разлуки, 
Годы и города. 
Женщина пахнет шлейфом 
Сплетен, интриг, духов. 
Песней волшебной флейты 
Из лабиринта снов. 
Пахнет едва уловимо 
Пряным букетом вина. 
Женщина пахнет мужчиной, 
Если она влюблена. 
Сраженный тогда в одночасье 
Надолго теряешь покой… 
Но, Боже, какое счастье 
С женщиной быть такой.",positive
tr0017,"централ парк
мммммм",positive
tr0018,не плохо было сказано**)))),positive
tr0019,Красотка моя)))***,positive
tr0020,аха))) вот и торт на свадьбу тебе нашла)),positive
tr0021,моя рыбка :*,positive
tr0022,"В Анапе ветер, но жить можно! 😊",positive
tr0023,Посоветуйте что нибудь интересное посмотреть),neutral
tr0024,Смауг - самовлюбленный напыщенный баран,negative
tr0025,"Мой клиент англичанин, спросил у меня, почему все население Беларуси ходит в одежде черного цвета. Я задумался и ответил. У нас в стране траур уже десятый год.",neutral
tr0026,"Давайте, петушки, победите :)",positive
tr0027,"играю в квн. нет, уже не в ""Прокурорах"". 
нет, не кинул. все хорошо) 
да,теперь в ИТМО.
приходите 13 апреля, будет приятно!)",neutral
tr0028,Это про меня,neutral
tr0029,ктооо со мнооой зааавтра в киноооо на Форсаж 5? мм??,neutral
tr0030,а что такое РЛС??? и где оно???,neutral
tr0031,Покрасил наконец-то!🚗👍🏻,positive
tr0032,"Да, это золото, и ты будешь до конца дней своих чахнуть над ним как Кощей Бессмертный...",negative
tr0033,"Блин,ты опять мне сегодня приснился...я все чаще думаю о твоих губах,а ты читаешь и думаешь что это не о тебе,это самое забавное...",negative
tr0034,Вы тут с Гребенщиковым похожи! хахаха....)),positive
tr0035,Что это такое???,neutral
tr0036,")))
не звоночка,не письма(((",negative
tr0037,Слито.ТОП 10 лучших фильмов 2013 !!!www.bio-dom.ru,neutral
tr0038,Мой завод изготовил новую партию высококлассных материалов,neutral
tr0039,"Вечер субботы, ау?!.
Может в клуб, в Анрыл погоняем? Желающие есть?",neutral
tr0040,Давай на твоем испробуем?))),neutral
tr0041,Барса всрала ебать ебать 4-0 я просто в шоке слов нету!!,negative
tr0042,"Сегодня осуществится моя давняя мечта... 
Я  БУДУ ВАРИТЬ ПИВО!",positive
tr0043,Встретил весту в боровичах),neutral
tr0044,Это очень смешно))) а как бы вы себя повели:?))),positive
tr0045,Дружбаны на прогулке!) @ Liepaja Ezer2,neutral
tr0046,Очень красиво)))),positive
tr0047,Вещи загружены в газель...Едем в Челябинск через полчаса...,neutral
tr0048,"Ваня, один из МиниТестов показал следующий результат, смотри ниже. Много других тестов здесь - VK.com/minitest",neutral
tr0049,"Мне холодно. Днем выпросил у друга хорошую кофту и в ней достаточно спокойно прокрутил педали через весь город. Были рваные дерганья ветра и случайные проблески солнца, а я неспешно накручивал свой путь через неприветливый понедельник. 
А еще мы пили днем горячий чай, а к вечеру я собрал кое-какой ужин, но все равно мне холодно. Да, а еще я купил себе новые кроссовки, хотя это мало влияет на утепление. Просто к слову. Потому что без слов мне холодно. Мне не согреться.",negative
tr0050,какой фильм посмотреть?????))))),neutral
tr0051,"Девочки, рулетка нечто! Как оказалось я самая везучая !))))",positive
tr0052,Давай встречаться без разрешения Ришата?,neutral
tr0053,а мы пожалуй ничего!!!!,positive
tr0054,Интересная антиутопия,neutral
tr0055,-осиное гнездо,neutral
tr0056,"семью так просто не разрушить, а то, что ты лезешь и вплетаешь сюда многих- это сугубо твои проблемы!лицом в грязь, обидно наверное)))",negative
tr0057,полюбому неслушал так тока лайк поставил :D,neutral
tr0058,"Эта музыка для ума,для сердца и для ДУШИ,наслаждайтесь!!!!",positive
tr0059,"Губер, Эдуард Иванович -  ...  Главный труд Г. - это перевод первой части ""Фауста"", сделанный дважды: в первый раз переводчик уничтожил свой труд от огорчения, что он не был пропущен цензурой; затем, благодаря ободрению и руководству Пушкина, он исполнил его вторично; великий поэт местами редактировал перевод
(Брокгауз)

о_О и что теперь - вводить текст в собрание сочинений Пушкина? С пометой - руку приложил, но где - неясно.",negative
tr0060,"4:20 кто не спит,Саша не спит😏#вообщенесплю#я#наногах @ Памятник Н. Н. Муравьеву-Амурскому",neutral
tr0061,Если заказать киллера для самого себя - будет ли это считаться самоубийством..?,neutral
tr0062,"Вообще я человек не самый впечатлительный. То есть к разного рода убийствам и всему такому у меня довольно равнодушные отношения, жалко конечно, но чтобы какие-то еще эмоции - довольно редко.
Но этот случай буквально подкосил мою психику, я довольно красочно нарисовал себе эту картину и второй день вспоминая про это у меня по коже бегут мурашки.
Нельзя чтобы такое было возможно.",negative
tr0063,"6 марта 

Вы идеальны. И ваше сердце принадлежит одному человеку",positive
tr0064,"прости, я просто удаляю всех с семейки и буду отдавать старницу",neutral
tr0065,"Вы тут как хотите, а я полетел...",neutral
tr0066,Вот только номером дома ошибся...,neutral
tr0067,Все еще впереди,neutral
tr0068,тоже классное)),positive
tr0069,ksonline.ru/stats/-/id/1342/ Разместили мой комментарий))),neutral
tr0070,"Автозапуск с телефона. Цена модуля 4190p. Сим карта с безлимитным интернетом в комплекте. Управление с помощью программы на платформах Iphone android Windows. Прослушка салона. 
Работает как совместно с автосигнализаией, так и без нее.",neutral
tr0071,У меня новый комп! Он офигенный!!!!!))))),positive
tr0072,"- Ишь что задумали. Они думают, мы думаем что мы и, правда, думаем, что мы так думаем, а мы только думаем, что мы так думаем, я думаю…

© Спанч Боб",neutral
tr0073,Малышка Сафия🐥👑💐,positive
tr0074,"Нихуя это не прикольно, когда ты любишь молочный шоколад, а тебе дарят черный.",negative
tr0075,"блять, насть, вот как мне узнать, какие задания делать по геометрии?",negative
tr0076,переходи по ссылке и выбирай любую,neutral
tr0077,оп такой ништячек после работы :),positive
tr0078,Шарик круглый! (с),neutral
tr0079,Цыпа в Минске ),neutral
tr0080,"Кто может помочь отгадать какой это город? В слове 6 букв из этих а,м,с,й,а,о,в,а,н,ц,у,к,н,з. Помогите пожалуйста в комментариях, хочу выиграть!",neutral
tr0081,Пора украшать елку! У меня тут есть кое-что. Повесим?,neutral
tr0082,Сегодня я стала тетей!!!!,positive
tr0083,Мой Пупсик)))),positive
tr0084,мысленно был с вами :),neutral
tr0085,В центре Киева появился новый эспрессо-бар Чашка,neutral
tr0086,"Твоя подруга так много о тебе
знает, что либо ее нужно убить,
либо дружить с ней до смерти.",neutral
tr0087,Приветик!!! А я что-то редко стала заглядывать на сайт ))) Собираемся с девчонками заглянуть в караван в следующую пятницу. Вы работаете?,neutral
tr0088,Лимассольский фестиваль пива - 17 июля. История и особенности праздника в проект...,neutral
tr0089,Я очень жду от тебя Мандарины. Давай играть в Елочку вместе!,neutral
tr0090,Хочется немножко сдохнуть,negative
tr0091,Моя любимая картинка про весну.,positive
tr0092,"решил не скреплять в одну фотку, а выложить отдельными фотками ,чтобы было удобнее рассмотреть )",neutral
tr0093,акробатим на пляже,neutral
tr0094,"Весна 2005. что, шкуры, забыли уже?))а вы говорите Limp Bizkit))",neutral
tr0095,Без второй совы скучно(,negative
tr0096,вот тошо я говорил,neutral
tr0097,Искусство моей сестренки!!!,neutral
tr0098,"""Вах"" говоришь?:)))",neutral
tr0099,Здравствуйте...Я один из представителей AliExpress в России. Не желаете что нибудь заказать по более низкой цене?,neutral
tr0100,"Снежинки на ресницах застыли, а на губах ироничная улыбка... 
зима - это повод начать все с начала...",neutral
tr0101,Точно НЕ про твою кошку!,neutral
tr0102,"тебе, кроме меня, кто-то музыку кидает?)))",neutral
tr0103,Нашествие 2015!!! Было круто!!!!,positive
tr0104,"Ирвин Уэлш ""На игле"".Всем советую.Мотивирует.",positive
tr0105,..Она могла довести своими выходками до бешенства... Но в этом и была Ее своеобразная прелесть..,positive
tr0106,тебя никто не спрашивал..!!!!!*,negative
tr0107,хороший статус),positive
tr0108,я дофига стояла :D,neutral
tr0109,"Друзья мои,подскажите сериальчик посмотреть,,,,,",neutral
tr0110,Карта пополнения на 2500 руб. цена: 2250 руб.,neutral
tr0111,Няша с айфоном>,neutral
tr0112,"АААААААААА,Я КАК Я ЛЮБЛЮ ВЫХОДНЫЕ)))))))))))",positive
tr0113,"Загадка: С горы - ползком, в гору - бегом...))) ?",neutral
tr0114,Вот она - мечта поэта!,positive
tr0115,банку малинового варенья уверенно сменила банка нутеллы!,neutral
tr0116,"Приняла эстафету от Lera Strashenko
1. Выложить свою фотографию,которой нет в ВК 
2. Оповестить 10 друзей о том,что они участвуют 
3. Прикрепить любимую песню 
4. Если в течении 24 часов оповещений ,человек не передаст эстафету он выполняет желание на камеру 
Передаю: [id90088478|Лена Дунебабина] [id50064452|Паша Пархоменко] [id74600777|Вова Стасийчук] [id75715212|Галина Беляева] [id76221758|Женечка Богатова] [id96283482|Александра Гогуля] [id98031937|Виктория Высоцкая] [id98000703|Маша Высоцкая] [id154950560|Каталина-Лилиана Озадовская] [id26489689|Танюша Сикачина]",neutral
tr0117,Статус в точку! молодець Нася они такие!,positive
tr0118,Клоун Валера отшил 2 милиционеров(Смотреть всем),neutral
tr0119,"жаль,что это никто читать не будет...Эх, светлое Советское Прошлое....",negative
tr0120,"Перед отлетом в Индию делал съемку на производстве ООО ""Каскад-Металл"". 
Ребята делают огромные емкости для нефтепродуктов и всякое такое. Довольно увлекательно было полазить в их цехах, пару раз чуть шею не свернул правда.",neutral
tr0121,"21 век, какие наф кинотеатры, круто драм.театры). Первый мой в жизни спектакль) Оренбургский драмтеатр ""Бешеные деньги"" про продажных дев)! Мне понравилось на +100500)!",positive
tr0122,"#жадо намекает )))
 @ Mocsow",neutral
tr0123,"малыш, ты Нинель оповестила?))
все в предвкушении воскресенья)))",neutral
tr0124,Хорошо вышел),positive
tr0125,я сегодня добрая,positive
tr0126,"Конфетный жор.
 А конфет нет((",negative
tr0127,[id15118301|Влад Добрый] ДА ТЫ ЖЕ СПИЗДИЛ ИДЕЮ ДЛЯ АВЫ У МЕНЯ АХ ТЫ СУКА ПЛАГИАТОР ХУЕВ ТРАВЛЯ ОЛОЛО НАБИГАЕМ ПОЗОРНИК СВОЕГО ПРИДУМАТЬ НЕ СМОГ ФУ ЛАХАН!!111,negative
tr0128,"Все, меня никто не любит!",negative
tr0129,"самый божественный и неземной трек 2010!!! 
просто таю))",positive
tr0130,"Когда пьешь в компании, всегда наступает период, когда все становятся политиками, психологами, мудрыми долгожителями
______________________________________
Ну или начинают запекать друг другу лбы..Ложкой..=))))",positive
tr0131,"дашечка, нормально? ты не расстроена?",neutral
tr0132,"""То чувство, когда за последние три месяца не брал в рот ни грамма мяса...""
Да, сегодня первые 3 месяца с момента перехода на вегетарианство. Уеее!)",positive
tr0133,"Обнять того, кого действительно хочется обнять - это более, чем волшебно...",positive
tr0134,Как то так))),neutral
tr0135,пошел  дальше гулять)))),positive
tr0136,какие у счастья глаза???,neutral
tr0137,Уже совсем скоро...,neutral
tr0138,10 примеров неудачных логотипов,neutral
tr0139,Ебаные МТС И Билайн!,negative
tr0140,Да пошли вы. :с,negative
tr0141,вот так станцуем на 25 мая))))),neutral
tr0142,скоро так и будит),neutral
tr0143,"ходил встречать рассвет -   холодно, одевайте шапки )",neutral
tr0144,"Солнце,вспомни прошлое ))))))))))))*** Домашние караоке жжет =)",positive
tr0145,Всем сердцем с родителями Сережи. Дай Бог вам сил пережить эту ужасную трагедию. Не-вы-но-си-мо жаль ...,negative
tr0146,Эта прелесть приедет ко мне уже на следующей неделе!!!,positive
tr0147,И еще один шедевр для меня от Ирочки!!!))),positive
tr0148,"Съемка одежды для классного дизайнера Елены Скромной 
Модель Ксения Усик",neutral
tr0149,"Одна из песен, которую мы исполнили вчера на радио вживую. Для тех, кто сладко спал",neutral
tr0150,"♡ уймись детка,я тебя уже любила♡",positive
tr0151,в среду поедем кататься?,neutral
tr0152,пары прошли нормально,neutral
tr0153,Операция Уран. Алабино. 23.11.2013 г.,neutral
tr0154,ДИМАС- ЭТО СЕДЬМОЙ КЛАСС,neutral
tr0155,"Привет, Серег! Вы хоть знаете. что у нас новый министр обороны?! Сердюкова сняли, теперь Шойгу.................))))",neutral
tr0156,"Мне повезло, что ты есть у меня 👭",positive
tr0157,"Разрушения от урагана ""Сэнди"" в Нью-Йорке (ВИДЕО)",neutral
tr0158,Ни чо так!,positive
tr0159,"Трендовые Цвета весна-лето 2016, Pantone.
Сохраните себе, чтобы не забыть! Будьте всегда в тренде😊 А лучше звоните и приходите на встречу - расскажите о какой свадьбе мечтаете и мы вместе придумаем, как воплотить вашу мечту и сделать ее лучшей свадьбой 2016 года!",neutral
tr0160,"Лучшая подруга - не та которая говорит: ″Найдешь лучше него″,а та что звонит ему и говорит: ″Лучше нее ты не найдешь!″",positive
tr0161,Настоящее счастье - это когда в твоей жизни есть большой и маленький мальчик...,positive
tr0162,"Все самое интересное тут, заходи не пожалеешь",neutral
tr0163,Я чувствую спящий,neutral
tr0164,Збс сьездили),positive
tr0165,Просто ДТ-75.,neutral
tr0166,я домой!!!,positive
tr0167,Я приехала!!!,positive
tr0168,"Волосатый квест пройден, завтра операция. Всех желающих навестить жду по адресу ул. академика Байкова, 8 со вторника по четверг с 17.00-21.00. Звоните, встречу!",neutral
tr0169,что делать если ты в пустыне один с верблюдом,neutral
tr0170,"Иван Иванов 
Анафема.Хроника государственного переворота
(записки разведчика)",neutral
tr0171,Ты на третей фотке !!!!,neutral
tr0172,Вот где начало передовых технологий.,neutral
tr0173,"если эта запись наберет хотя бы один лайк, то Я раскурю кальян",neutral
tr0174,"Парни часто упускают достойное, подбирая доступное♥",negative
tr0175,"Мир невесомых слов, очень глупых людей.",negative
tr0176,АНСАМБЛЬ ХРИСТА СПАСИТЕЛЯ И МАТЬ СЫРА ЗЕМЛЯ   Наши иконы rip,neutral
tr0177,"злая вредная и противная!!!!ТЫ!!!
P.S.я у тебя дома телефон забыла!!!",neutral
tr0178,ничего личного),neutral
tr0179,"На фоне участившихся в России дел по оскорблениям чувств верующих атеисты решили собрать подписи за закон о защите чувств неверующих. Неверующие тоже способны оскорбляться, да еще как...",neutral
tr0180,"Горжусь своим отцом-Победителем!!!

Информация получена из сайта ""Подвиг народа"". Низкий поклон его создателям. Очень прост и удобен в обращении. Ищите здесь информацию о своих родственниках. Моя семья была в слезах после такой приятной находки.",positive
tr0181,Рода войск РФ,neutral
tr0182,Думали мы...,neutral
tr0183,Сижу. Жду.,neutral
tr0184,"Очевидно, что это невероятно! СамЭц!",positive
tr0185,"ваааау, сегодняшняя треня была огонь просто, спасибо Александру Поданеву за новую инфармацию, многому научили:) 
Лав лав лав Impact ❤
Вы самые лучшие:* [id158430715|Аня Ульянова]",positive
tr0186,Залезть в ванную после трудового дня - опять таки восхитительно)),positive
tr0187,"Саша, я тебя люблю",positive
tr0188,Шото я сеня в солярии подгорел=))),negative
tr0189,есть подруга),neutral
tr0190,"Летуцие мыши, может сказать ему об этих тварях? Нееет,не стоит.....скоро он и сам их увидит (с)",neutral
tr0191,Петразаводск. ),neutral
tr0192,"хочу себе такую, что бы не искать другую!!!!",positive
tr0193,Разве Римские Папы могут отрекаться от своего престола? Неужели подобное возможно в католичестве? Я сильно удивлен.,neutral
tr0194,"Ни один человек не заслуживает твоих слез, а те, кто заслуживают, не заставят тебя плакать.",neutral
tr0195,"Рада отменила скандальные законы ""16 января""",neutral
tr0196,я тоже так хочу...),positive
tr0197,С тобой не соскучишься  =P,positive
tr0198,офигеть какие люди!!!!,positive
tr0199,мне не нужны ваши хуевые советики. просто поддакивайте,negative
tr0200,Уиии ))) начали получаться розочки!!! Всего раз 50 повторить и вуаля.,positive
tr0201,!!!добавь меня в лучшие друзья^^,neutral
tr0202,"никого не напоминает?))))))))

Порой, у самых веселых людей, самая грустная душа.",neutral
tr0203,"Вам отправлен плейкаст!
 Кликни на ссылку под картинкой, чтобы посмотреть полную версию.",neutral
tr0204,мотай на ус),neutral
tr0205,"Ирины, вот как-то так))",neutral
tr0206,"Третий день закончился с двумя бронзами, друзья =) Русский китаец взял одну на своих коньках, а вторую вот только что забрал себе некто Александр Смышляев, представляющий довольно зрелищный вид спорта - могул =) Шипулин к сожалению гонку преследования не затащил в биатлоне. А девочки в керлинге сегодня порадовали своей победой над командой Дании ;)",positive
tr0207,"Теперь я ,,Проектировщик САПР'' курсы по автокаду пройдены) лишнее образование не помешает)",positive
tr0208,Почему он Тихий если он шумит!!!,neutral
tr0209,хочешь проверить???),neutral
tr0210,Че выделываешься)))))качек)))),neutral
tr0211,А поутру они проснулись - кругом помятая трава. Тут не одна трава помята - п..здец УкрАины судьба.,negative
tr0212,Вспомни как отдыхал 😊,neutral
tr0213,Помним Любим Скорбим Братишка(,negative
tr0214,СКОЛЬКО ?,neutral
tr0215,"В преддверии окончания 3 сезона проекта ""Голос"" публикую свой прогноз по его результатам (кто какое займет место из финалистов + полуфиналисты).Лично я в победителе и участнике Евровидения-2015 от России не сомневаюсь.
1 - Александра Воробьева (команда Градского)
2 - Георгий Юфа (команда Агутина)
3 - Евгения Благова (команда Билана)
4 - Пьер Эдель (команда Пелагеи)
Кто будет в полуфинале:
Валентина Бирюкова (команда Градского)
Мариам Мерабова (команда Агутина)
Алиса Игнатьева (команда Пелагеи)
Ксана Сергиенко (команда Билана)",neutral
tr0216,"о да))) ахахахаххахаха)
Маша уже в курсе?)ахахах)",positive
tr0217,"Приму в дар, поменяю на что-нибудь или куплю маскировочную сеть.  Б/У. Интересует кусок 1 на 3 метра. Рассмотрю любые варианты.",neutral
tr0218,Деня первый!!!!!#hi5studio,positive
tr0219,Мы сделали это) теперь я Гришко)),positive
tr0220,то воопще слушаешь музыку?,neutral
tr0221,я с тобой больше пить не буду,negative
tr0222,"песня недели))хДД
прет)",positive
tr0223,куплю баксы в сургуте на 100 000 деревянных по 60,neutral
tr0224,"ДЕВОЧКИ,СОБИРАЕМ КОРОБ!!!! ФОРСЫ НАЙК!!! ВЕСНА! НЕ ЖДЕМ ПОВЫШЕНИЯ ЦЕН, ГОТОВИМСЯ К ВЕСНЕ ЗАРАНЕЕ!!!
ВНИМАНИЕ!!!! ПРЕДОПЛАТА 200 РУБ!
36/37/38/38/39/39/40/41
МАЛОМЕРЯТ НА РАЗМЕР!",neutral
tr0225,Отпустишь прошлое - получишь будущее.,neutral
tr0226,Где будет проходить ZeRutz?!! Голосуем у меня на стене!,neutral
tr0227,"Я знаю. И твой ник на ласте. Ты сейчас делаешь следующее: 1. Удивляешься, говоришь: Ой, какая крутая песня, спасибо Вась.
2. Просишь еще покидать их песенок, потому что тебе понравилось(я не кину). Договорились? Ну только чтобы это смешно было, смотри у меня.",neutral
tr0228,джон ты нам нужен,neutral
tr0229,Выставка кошек на БЕЛЭКСПА))),neutral
tr0230,помниш того старика?,neutral
tr0231,Я бы назвал это девизом Русского Рока!,neutral
tr0232,Виза открыта :) нужно отметить :),positive
tr0233,"ПРИВЕТ! ДАВАЙ ЗАЖГЕМ НА WARFACE!!!
ТАМ БЕЗПОДОБНО!!!
АЛЛИЭН. Клан АЛЕКС_МЭДЖКЛ.
 ПРИСОЕДИНЯЙСЯ!!!
wf.mail.ru",neutral
tr0234,Может я уже лягу спать?,neutral
tr0235,Практика))🏣🇺🇦,neutral
tr0236,Крестничек💪,positive
tr0237,"Счастье оно есть... Я знаю его номер, мне нравится его улыбка и я безумно скучаю по нему...",positive
tr0238,"* Мы с тобой как розы с шипами Любим телом, раним губами...*",negative
tr0239,"Noize MC- Ты не считаешь.Live At  ГлавClub ,Спб. 6.03.2010.",neutral
tr0240,таки снова в Тюмени)),neutral
tr0241,И вторая партия.,neutral
tr0242,"Весна. Я уже не грею пиво.
Весна. Скоро вырастет трава.
Весна. Вы посмотрите, как красиво.
Весна. Где моя голова?",positive
tr0243,Селфи с любимым парикмахером💇💅👯👍🏻,positive
tr0244,Что за хуйня?!,negative
tr0245,"Органики!!Уже есть расписание на  грядущий тетрик!:))
Там просто пипееец...!!!!(((((",negative
tr0246,"Я Приняла эстафету #Любимаямузыка от Марии Боярович
Если в течение 24 часов не будет ответа, официально объявляется кацапом

Суть заключается в том, что:
- Вы должны в своем посте написать эти правила.
- Каждый должен прикрепить 8 песен.
- Выберите 8 человек для дальнейшего тэга.
- Сообщите им о вашем теге.
- Вы должны опубликовать этот пост у себя на стене, а не в комменты.
1.Ольга Журович
2.Виктория Шевель
3.Алексей Бисик
4.Ника Найденова
5.Юрий Авдеев
6.София Пыж
7.Кристина Федорцова
8.Диана Шалайко",neutral
tr0247,Шикарный видос,positive
tr0248,"Viloony, я нашел звезду, похожую на тебя. А кто похож на меня? Чтобы узнать, заходи в приложение",neutral
tr0249,"Жень, крутая аваторка))) хава нагила)",positive
tr0250,Температура за бортом +3,neutral
tr0251,ждем тебя дома)))),positive
tr0252,очень страшно,negative
tr0253,"по заявкам слушателей)
 и не говори, что ты не подпеваешь!)",neutral
tr0254,Лучшие!хочу туда..,positive
tr0255,Более мотивирующей гифки я еще не видел,positive
tr0256,Кто хочет в Ялту?,neutral
tr0257,фин. (  saippuakauppias = продавец мыла - самое длинное употребительное слово-палиндром в мире,neutral
tr0258,Лайк если тоже лень идти в шк😠😵,negative
tr0259,"Я под надежной защитой, я под родным крылом! Спасибо тебе, мой хороший, за то, что ты рядом со мной!",positive
tr0260,Хоть молотком долби по моим железным нервам! ;-),neutral
tr0261,Вот еще рубенсо-палеолетический набросок:),neutral
tr0262,"УРАА!!Первый вариант Диплома написан, все отправлено..))",positive
tr0263,"если у вас спросят, за что можно не уважать некоторых тех, кто называет себя журналистом, то просто дайте ссылку на вот эту кучу навоза",negative
tr0264,Я тебя люблю:* сегодня уже 4 месяца... Ты самая-самая:**,positive
tr0265,"А вот и ""временное правительство"" собралось. Прямо по сценарию из моей прошлой ссылки:
""Во всех ""цветных"" переворотах требования новых выборов или пересчета голосов плавно перерастали - независимо от действия властей - в ультимативные требования смены режима.""",neutral
tr0266,чтобы каждая нормальная  женщина смогла найти своего самого лучшего мужикаааааааааа!!!!!!!!!!:),positive
tr0267,"я люблю, я вернусь)))",positive
tr0268,"23 мая Вадима из Тамбова перевели в другую часть, в г. Хабаровск",neutral
tr0269,"Рифму к слову ""аромат"" - срочно, пожалуйста!!!",neutral
tr0270,"Прости меня солнце...что то как то вообще я ахамела, ВК не захожу...звонить не звоню......Позор мне!!(",negative
tr0271,"Екатерина Радионова Меняю статусы, как трусы ... Обновлено 16 дней назад",neutral
tr0272,"Чего ты так рано проснулся, в школу надо?",neutral
tr0273,А на сколько выглядишь ты?) -,neutral
tr0274,Backstage - фотограф Евгений Чернецкий,neutral
tr0275,Связано с любовью! ❤,positive
tr0276,"Ебать,как я люблю столовку!",positive
tr0277,наверно уж знаешь,neutral
tr0278,Исполняю желания. Я фея,positive
tr0279,Я очень жду от тебя мандарины. Давай наряжать Елочку вместе!,positive
tr0280,"Женщины, вы такие красивые все!",positive
tr0281,Ты хоть представляешь как жарко в Мурманске летом? ПЛЮС ВОСЕМЬ!))) Ну а ночью 2-3 ;) Белой ночью...),neutral
tr0282,Мы в Питере!,positive
tr0283,это индустрия!,neutral
tr0284,"Да хуй с тобой любовь моя, таких Как Ты здесь до хуя, таких Как я Ты хуй найдешь, хоть Ты весь мир перевернешь...",negative
tr0285,"Анализ музыки показал, с кем я на одной волне :) Результаты на картинке. Любопытно? Запускайте: vk.com/odnavolna#?u=9696669",neutral
tr0286,дернуть бы куда из депрессии.,negative
tr0287,мне сейчас нужен кто то рядом. Но только не мама,neutral
tr0288,"Откуда же такие познания о новом директоре MMCIS? В следующий раз прежде чем выкидывать свои петиции в группе просьба к ним прикладывать факты, а не свои мнения!",negative
tr0289,все.я в печали(,negative
tr0290,"Скучала по общению с вами, котаны. Реально клево погуляли, вспомнили старое и вновь поржали над каждым словом друг друга) Очень не хватает вас, если честно.. И как-то даже грустно.. У всех другое настоящее, но приятно, что мы все-таки не чужие =) Всем безудержного лета.",positive
tr0291,"Народный губернатор Донецка . Подумаешь, грехи молодости...",neutral
tr0292,"Пока умная и добрая машина Гугл аккуратно подсовывает мне в контекстной рекламе ""Досуг для пожилых людей"", умные и добрые люди кидают мне ссылки на мои старые художества, которые теперь появляются в гигантском и унылом паблике. Мне нужно, наверное, вспомнить о чем-то важном, а о чем-то важном забыть ко всем милосердным хуям. 

""Центр ""Перспектива"" приглашает пенсионеров на бесплатные занятия"". 

Спасибо, Гугл.",neutral
tr0293,"Не знаю, есть ли у тебя такая+)",neutral
tr0294,"Вторжение инопланетного звука на нашу планету =) 
Аеееее !!!!!",positive
tr0295,1 поцелуй )),neutral
tr0296,"Голосуйте за Спепку)))Все вместе подержым его)))


.

.

Ссылка cat.nashe.ua",neutral
tr0297,"Вот этого я не ожидал... ну, что можно сказать - выродок...
В интервью каналу CNN бывший премьер-министр России Михаил Касьянов заявил, что именно действия российского правительства и Владимира Путина привели к такой ситуации на Восточной Украине, при которой был сбит малайзийский Boeing. При этом он не верит в то, что самолет был сбит преднамеренно.",negative
tr0298,Сегодня снимаем 7й эпизод #внатураху_по_Ричу,neutral
tr0299,"Убью тебя!!когда то)))) 
и люблю конечно ж Пашкульская моя любимая внуця..))",positive
tr0300,"Вот такие они ?? - Сим-карты мобильного оператора «Феникс»
появятся в продаже в конце этой недели..",neutral
tr0301,Я состою в этих 10% 😏,neutral
tr0302,"💋Модель 740 с мл💋
👏285 грн 👏
❤ЛИДЕР ПРОДАЖ!❤",neutral
tr0303,Это очень мило :),positive
tr0304,"Пожалуйста, поделитесь любимой музыкой!",neutral
tr0305,"Единственным верным другом остается тот, кто знает о тебе все плохое, но все таки уважает тебя.",positive
tr0306,Всем весны),positive
tr0307,"Уоо, какая чудесная фотография )",positive
tr0308,"""Ноооооооооовый год к нам мчитсяааааа!Скороооооооооо все случитсяааааааааа!!!""",positive
tr0309,Родной мой ))**,positive
tr0310,Неотразимоя ღ,positive
tr0311,Я в восторге просто)),positive
tr0312,Ебать как я люблю играть в WOW,positive
tr0313,"Так и быть, я готов сыграть следующего Джеймса Бонда",neutral
tr0314,Тяжело будет жирдяю Просвирнину в тюрьме,negative
tr0315,"Последний звонок 2013... (Слова, музыка, исполнение на фортепиано и зачитка : Макс Чувашев) Как будто это было вчера...",neutral
tr0316,"Какая чудесная погода, чтоб начать писать курсач :3",positive
tr0317,"Поездили на ""тоталитарном наследии"", а когда оно устарело - выбросили. А ведь Сумский фарфоровый завод - единственный завод столового фарфора в Украине. Но кому он здесь нужен? Здесь главное носить вышиванки и петь песни о героическом прошлом.",negative
tr0318,"Друзья,давайте вместе попробуем составить список самых важных дел,которые все мы должны успеть сделать перед тем как копыта отбросим.(по 1-3 варианта с каждого).Ну начнем с меня : 1) Поплавать в океане  2) Выучить иностранный язык  3) Сделать татуировочку :-)",neutral
tr0319,Армяно-Казахская дружба!,positive
tr0320,"Григорий, узнай всю правду о себе здесь:
 ♥♥♥  ♥♥♥",neutral
tr0321,"Речь Андреаса Брейвика в свою защиту на суде. 17. 04. 
Лайк!!!",neutral
tr0322,"а тут припев 
восторги!",positive
tr0323,"Ну ,я подозревала это .",neutral
tr0324,Действительно милая)))),positive
tr0325,"«Дорогая Леля! 
Приезжай к нам на вишни, сейчас вишни очень дешево по 15 к ведро можно купить 
Приедешь наварим здесь варенья 
Пиши когда приедешь теперь вишни очень дешево поклон всем вашим 
Любящ Маруся»",neutral
tr0326,#Саша #идет на #ТипсиТип,neutral
tr0327,Худеем??))),neutral
tr0328,Просто колечко. В гарнитур к подвеске. )))) Серебро и опалы.,neutral
tr0329,"Еще один прикол от Кати вспомнила. Идем мы по улице вдоль жилого дома. Она мне: - Ален, а как выглядит береза?",neutral
tr0330,какраз к рейду))будет жара),positive
tr0331,"Аххаааааааага!!!!!! Вот тебе, дружище, и на....... первый шаг к резиновой бабе!!!!!!!",positive
tr0332,"Мои чудесные друзья!

Я вновь вопрошаю. На этот раз на моей маленькой-миленькой стриде по-моему сдулись слегка колесики. Проколов я не обнаружила, но в горку крутить педали все тяжелее.
Является кто счастливым обладателем велосипедного (или какой там для этих целей подходит) насоса? 
Кучу пунктиков в карму, лучи любви и добрую улыбку взамен обещать могу;)",neutral
tr0333,"Девушки надоели приставать?!? Говори, что гей! Одного на всех не хватит, а любить можно только одну.",negative
tr0334,"я сдам чертову античку
сдам
сдам
сдаааааам",negative
tr0335,Василисочка)))Самый прекрасный в мире котенок ))),positive
tr0336,самые крутые из этого топа :Р,positive
tr0337,"Самое позорное для мужчины - поливать грязью ту, с которой делил постель, ел за одним столом и жил несколько лет.",negative
tr0338,"Хочу кран, из которого идет оливье.",positive
tr0339,ахахах))Все смотрим!),positive
tr0340,"Почему Губарева называют ""пиарщиком"", который ""делает имидж"" на крови воюющих, когда он сам ходит на передовую? Услышала в прямом эфире на одном из сайтов Донбасса. Разногласия?",neutral
tr0341,"Полезно, ага!",neutral
tr0342,жри коржи:)пы.сы.кот),neutral
tr0343,мудрости пост,neutral
tr0344,"ну вот все, даже ИСТОРИЯ ЯЗЫКА не смогла устоять перед моим обоянием)))",positive
tr0345,лови ещ е медляк ;),neutral
tr0346,"еду на обед, надо меньше кушать...",neutral
tr0347,Приторчи внученька))),neutral
tr0348,"Жестокость - это черта характера добрых людей, она
возникает когда об твою
доброту начинают вытирать
ноги.",neutral
tr0349,"Да, ты мил, но ты дебил.",negative
tr0350,"Рекомендую смотреть это видео, раскрыв на весь экран, указав хорошее качество HD в плеере youtube и в наушниках )) Фоновый голос: Флигинских Александр.",neutral
tr0351,"Второй день подряд мне задают на работе вопрос: ""Женя, есть сценарий?"". Второй день подряд я проявляю чудеса стойкости и не отписываюсь ""Да с хуя ж вы с меня его требуете? Блядь да почему жеж блядь я нормально не могу СВОЮ работу работать?"". Мне кажется я достиг определенных успехов в управлении гневом.",negative
tr0352,"Это тоже современная, но классическая. Не слушала?",neutral
tr0353,"Удивительная группа Ранетки! Никто не слушает, зато все знают, что говно",negative
tr0354,у соседей сверху скрипучая кровать )),neutral
tr0355,ты дома чтоли?,neutral
tr0356,Любовь моя),positive
tr0357,"Я победитель!

УРА! Я занял 74977 место в главном крысином турнире и выиграл кучу клевых призов! Готов посоревноваться со мной?",neutral
tr0358,Желудь извени но мне нада бежать)!,neutral
tr0359,"лучшая подруга - это та которая поддержит тебя в любую минуту, секунду, время потому, что она лучшая она некогда тебя не предаст, она тебе как сестра любимая...©",positive
tr0360,"мои маленькие, любимые мальчики)))))😘❤😚",positive
tr0361,По совету одного засранца перешел к просмотру Декстера,neutral
tr0362,Набережная и чайки. Gopro,neutral
tr0363,"че, на аву то ставь :DDD",neutral
tr0364,Фото рубрика Взгляд на Казань,neutral
tr0365,"Сколько человеческого
счастья разбилось вдребезги
только потому, что кто-то из
двоих своевременно не
сказал:""Извини!""",negative
tr0366,"В моем доме отключили свет в аккурат перед началом матча и включили на награждении... За что?!;-( 4:0, а я этого не увидел...",negative
tr0367,"В России выдвинули законопроект, запрещающий анонимность в интернете. Зашибись! Я себе представила ролевую игру: вервольф - Петр Иванович Сидоров, гном - Мустафа Саидович Аляддинов, эльф - Тарас Осипович Перебийнос и т.д.))))",negative
tr0368,полюбил его ♥,positive
tr0369,УРА!!!!Зубастика маленькую целую!!!,positive
tr0370,"приветы, епте. долгая история.. почему и как.. но я бы посоветовал тебе глянуть такое аниме, если не смотрел.. а если и смотрел то под музыку, первый раз послушав, я прослезился как распоследняя телка. но тем не менее вот захотел поделится с тобой именно этой темой. -",neutral
tr0371,На этих долбаебов,negative
tr0372,"Я вообще стеснительная, но когда мне комфортно с человеком, я начинаю вытворять всякое..©",neutral
tr0373,Утренняя Гавана прекрасна!,positive
tr0374,простите меня за все),neutral
tr0375,^ДеВуШкА ДьЯвОлА^,neutral
tr0376,"Это безумно больно, когда скучаешь по тому, кто больше никогда не вернется.",negative
tr0377,"Уроды. Разбудили по среди ночи. #Repost @svetunchick with @repostapp.
・・・
Сегодня наконец-то удалось увидеть в лицо тех, кто нам стреляет по окнам, по машинам и выламывает двери...23:04, спим, никого не трогаем, кто-то начинает ломиться в дверь, оказалось, что приехали пьяные соседи и не могут проехать на захваченное лягушкой парковочное место, просто потому что в глазах двоится. Но сорвав пыл на нашей двери, спокойно проехали к незаконно захваченному месту. А когда им не хватает места во дворе, начинают стрелять по нашему имуществу. А все потому что дедовщина, нам разрешают во двор заехать только на 5 минут, ибо места у них распределены со времен войны!☝🏼️
Местные участковые хотят видео-доказательств, что ж собираем.",negative
tr0378,ПРИВЕТ КУМАСИК! НА РАБОТКЕ?КОГДА ВЫХОДНОЙ?,neutral
tr0379,Ае люблю)))),positive
tr0380,я валялся под столом)),positive
tr0381,ыть=))нравится мине так))немагу прям,positive
tr0382,"Мужчины объясняются в любви прежде,чем почувствуют ее,а женщины-после того,как испытали ее...",neutral
tr0383,"Зрачки автоматически расширяются, когда мы смотрим на того, кто нам нравится. Это одна из причин, почему люди говорят, что глаза никогда не обманывают.",neutral
tr0384,Первый экзамен - физика СДАН на ОТЛИЧНО))) я продолжаю свою борьбу за стипендию ),positive
tr0385,Иметь сестру восхитительно ❤ 😘 😃 💕 🐾 🍓 🌺,positive
tr0386,с кем еще так посидишь?),neutral
tr0387,"это не любовь,это херня какая-то.",negative
tr0388,куплю 25 черник с косточкой,neutral
tr0389,"МегаТест: Кто ты из кошачьих?

В этом тесте ты узнаешь кем бы ты был если бы в другой жизни родился кем-то из кошачьих.

Тест тут 👉 vk.com/megatest#5739cec3e4b0147b8a63c45f",neutral
tr0390,Кому не безразлична тайна фамилии Зеленский,neutral
tr0391,Хорошего настроения),positive
tr0392,"Самое приятное - это когда хорошего не ждешь, а оно берет и случается.",positive
tr0393,Средняя зарплата по Херсонщине составляет 2411 гривен: статистика,neutral
tr0394,"ЦСКА - КУБАНЬ - 1:1 (0:0). 
ЦСКА - дрыщииии",negative
tr0395,класс! обязательно попробую,positive
tr0396,"Удивительное место ""Волчьи ворота"" в Ставрополе. Планировали встретить закат солнца, но солнышко спряталось за тучи.Но тем не менее очень красиво. Наш мир потрясающий!!!",positive
tr0397,Солнышко зайди Вконтакт... я  скучаю( маська люблю тя*),positive
tr0398,"И меня еще часто спрашивают, почему я так часто Империю вспоминаю. Цитата:
...Всего два поколения назад ядерный взрыв вызывал у землян меньше негодования, чем невинный дамский купальник, в античности бывший повседневным. Глядя на Рим, мы постоянно видим не то, что нужно, и не обращаем внимания на то, на что следовало бы смотреть. Мы все время говорим о легионерах и императорах, а то и о гладиаторах и ланистах. А это была цивилизация, строившая современные водопроводы и полы с отоплением. Цивилизация, в которой девушки одевались в бикини и ходили в фитнесс. Всего сто лет назад у нас просто не было понятийного аппарата, чтобы адекватно описать ее.
Полностью здесь:",neutral
tr0399,люблю тебя*),positive
tr0400,Я безумно люблю свою девушку***,positive
tr0401,Блоги: Михей : Блоги : Константиново-2011! - Fanat1k.ru  fanat1k.ru,neutral
tr0402,наслаждайся!,positive
tr0403,все присягу принял. началась военная жизнь,neutral
tr0404,"756э!ребяяят,я скучаю!))",positive
tr0405,"Постоянно хочу две вещи:
похудеть и покушать.",neutral
tr0406,Валя!!!Ручка ЛДПР не пишет!!!!!!!!!!,neutral
tr0407,"У каждого есть такой человек, которого придется запомнить навсегда.",neutral
tr0408,Девченки с вами было классно)))) Думаю мы обязательно еще так  повеселимся)))))))*,positive
tr0409,Ах Генри Форд зачем же ты придумал коневеер (((,negative
tr0410,Мой одуванчик!!!! Люблю тебя сильно моя родная!!!!,positive
tr0411,"я прекрасно понимаю что на мои посты нихера отвечать ни кто не должен...я их сам для себя хуярю и не на что не надеюсь...вобщем протележу в очередной раз...сегодня одна тетка увидев мою несвежую морду сообщила ""я бы затакого свою дочь бы не отдала""..я ей озвучил примерно десяток вопросов)...уложились мы с ней в две станции метро...1 - я тут едя в метро вообщето не на выдане себя позиционирую а как бы на работе находясь))...2е - я ни одним глазом еще не видел все ответы на мои молитвы...тобеш вашу дочь)...и вовсе не известно ктоб кого выбирал...3-е...теща попалась такая, что похеру как выглядит дочь...ее лучше не трогать...и дочь и мать)...4-е...с какого хуя она вообще решила что меня интерересует сейчас чьято дочь)...мы все чьито сыновья и дочери ...и что с того?",negative
tr0412,Пайет пидарас!,negative
tr0413,Ода Молчания,neutral
tr0414,Мое мировосприятие перед просмотром,neutral
tr0415,"Не стоит бороться за тех людей, которым на нас плевать.",negative
tr0416,"Слепому не покажешь, Глухому не расскажешь, Долбоебу не докажешь.",negative
tr0417,"я сначала хотела за президента выйти, а потом за Олежку, потом за Дениса,а потом нет уж, за Артемку захотела)",neutral
tr0418,"Можеш трек дать, плис)",neutral
tr0419,"Утро бывает добрым? Хм, наверное, когда просыпаешься часиков в 11 и любимая сонная морда спит на соседней подушке",positive
tr0420,Как же я жду ноябрь! Как никогда раньше не ждал!)))Все получится в лучшем виде. Ноябрь !!!!!!!,positive
tr0421,"Перед Вами упражнение, решение которого позволит Вам открыть прикрепленный файл. Говорят, что это возможно только для обладателей IQ больше 120. 
Если 
2 + 3 = 10 
7 + 2 = 63 
6 + 5 = 66 
Каков будет результат в следующем примере? 
8 + 6 = ???? 
Только это число откроет прикрепленный файл. 
Если решили - допишите себя в список и пошлите друзьям.",neutral
tr0422,"Моя первая радость - моя вечная боль
Моя дочка родная - ангелочек ты мой
Пролетело  полгода как мы не с тобой
Ты у Бога навеки нашла свой покой
Облачка окружают тебя в небесах
Наша встреча и счастье - лишь в моих снах
Сердце рвется на части и слез не унять
Знаю - плакать не надо, но лишь на словах
Как же больно, Родная, жить без тебя
Ты живешь в этом мире - в душе у меня. #люблюсвоюдоченьку👼👼👼",negative
tr0423,Обойдешся!!!на ручки она захотела видиш ли...с(=,negative
tr0424,Учи уроки давай)))))))),neutral
tr0425,Девочка моя!!!,neutral
tr0426,Если верить в свою мечту до последнего - она обязательно сбудется...,neutral
tr0427,БЫСТРОВ МУДАК ЕБАНЫЙ,negative
tr0428,"Поставь номер вопроса... я
честно на него тебе отвечу:)
1. Давай в сп?
2. Ты меня любишь?
3. Я тебе нравлюсь?
4. Тебе сколько лет?
5. Ты больная(ой)?
6. Выйдешь за меня?
7. Как тебя зовут?
8. Тебе нравится петь?
9. Ты доверяешь мне?
10. Тебе кто - нибудь говорил,
что ты красивая(ый)?
11. Ты куришь?
12. Ты любишь зажигать в
клубах, на дискотеках?
13. У тебя есть человек
которого ты любишь?
14. Давай встречаться?
15. Ты умеешь целоваться в
засос?
16. Твой мобильный номер
тел.?
17. О чем ты мечтаешь?
18. Что любишь из сладкого?
19. Есть вторая половинка?
20. Ты ценишь меня как друга
(подругу)?
Помести себе на стену если ты не трус!",neutral
tr0429,братец крутая фотка,positive
tr0430,"вот ты кушаешь булочку с мясом, и тебя совсем не интересует это:",neutral
tr0431,кто этоо? это не шило ниразу!,neutral
tr0432,Я тоже этого хочу...,positive
tr0433,Как много девушек хороших. Женская Лига Чемпионов - zafootball.com,neutral
tr0434,кто может подкинуть на вмз 100 грн или 25 баксов напишите потом отдам:),neutral
tr0435,Дом-милый дом.,positive
tr0436,Сегодня всех одариваю музыкой)))),positive
tr0437,Начинаю зарабатывать фотографией зовите на съемки по цене договоримся! Предлагайте друзьям и знакомым!,neutral
tr0438,Как вы ощущаете себя после встречи нового года?,neutral
tr0439,Практически идеальная стрельба + скорость и золото наше!,positive
tr0440,"А у Вас был ""новогодний секс""?",neutral
tr0441,"Похожи мы тут на жениха и невесту?? - нет 😄 а в загсе вчера решили что очень даже позожи и что мы пришли регистрировать брак и не верили, что мы со стороны гостей 😄 мало того, когда выходили из загса - нам подыграл живой бенд - музыканты тоже решили, что мы - жених и невеста 😆✌🏼️ @ Совские Пруды",positive
tr0442,"а спать я ложусь поздно, потомучто в спальной комнате лежит разобраный мотор, и пахнет бензином, поэтому спать можно с открытым балконом, а ночью так холодно, поэтому сплю днем)",neutral
tr0443,"Мар'яна,  МиниТест « Когда парень найдет тебя? Или уже нашел и кто он? » показал результат ниже. Много других тестов здесь - VK.com/minitest",neutral
tr0444,"Международный фестиваль ""hэер шаалган "" 2014.",neutral
tr0445,"Умничка Юля!)а насчет ""тоже неплохо"" ты аккуратней - не каждый дебютант забирается так высоко;-)",positive
tr0446,Сексуальна.,positive
tr0447,"А не посоветует ли мне широкая общественность какой-нибудь хороший театр, а то и конкретный спектакль в нем? А то я ничего, кроме РАМТа, и не знаю толком.",neutral
tr0448,Лучше меня может быть только моя дочь.,neutral
tr0449,выбирай)))),neutral
tr0450,Это свобода! Обязуюсь повторить.,positive
tr0451,Будешь коктейл безалкогольный?))))))),neutral
tr0452,Есть ли угроза исламизации России и Европы ?,neutral
tr0453,болеем за шахтер!),positive
tr0454,Этот сумасшедший ритм жизни невозможно выдержать. На недельку лягу отдохнуть;) @ Городская Психиатрическая Больница,neutral
tr0455,Алюминевое шапко. 16 lvl.,neutral
tr0456,"Мишка,негатива нет:D",neutral
tr0457,"Первый, и последний раз)))",neutral
tr0458,Ебанутый ),positive
tr0459,Для настроения) Девчонки просто тащатся)),positive
tr0460,Товарищи! Где в Иркутске есть прокат беговых лыж?!,neutral
tr0461,прости но ты тут забавна,neutral
tr0462,"Чтобы избежать разочарования в людях, надо избавиться от иллюзий. Умейте принимать людей такими, какие они есть. Совершенных людей не существует. Можно найти хороших людей, но даже и они временами бывают эгоистичны, раздражительны, угрюмы и могут предать.",neutral
tr0463,"Макс, это ты)) и пока это не признаеш - не отстану)))))",neutral
tr0464,1000 руб на комплект....в наличии ...фирма george...,neutral
tr0465,"Улыбнуло, как далеко традиция тянется: 
Многие иностранцы, посетившие Московское государство в XVI-XVII веках, отмечали, что русские женщины считали совершенно необходимым краситься, хотя и без того они весьма красивы. Мейерберг, посетивший Московию в 1661 г., писал, что русские женщины, независимо от того, красивы они или уродливы, «натирают все лицо с шеей белилами, а для подкраски век и губ прибавляют еще румян». Косметические краски привозились на Русь в основном из-за границы. Так, из Персии в начале XVII века привозили краски и румяна. Белила и румяна как предмет роскоши облагались относительно высокой пошлиной. Например, с провозимых через сибирские пограничные таможни румян по тарифу 1761 г. взималась пошлина в размере 23,75 % с оценки.",neutral
tr0466,"Теряя родных людей,  я теряю частичку  своей души,  когда придет мое время я  буду уже бездушной.",negative
tr0467,"Чтобы такой подарок парню или девушке, родителям или детям был еще лучше, важно выбрать для этого качественные фотографии. Представьте, как красиво они будут смотреться на шоколадных плиточках весом всего 5 грамм. А вот на упаковке можно поместить большое фото, которое станет обложкой для этого необычного альбома. Проявляйте фантазию и делайте ваш набор еще более оригинальным. На коробке можно написать пожелание, которое будет выполнено красивым шрифтом и написано поверх фотографии. Небольшую надпись можно поместить и на каждой из 12 или 20 плиток.",neutral
tr0468,"Еще одна, на этот раз сделанная в вариациях разных жанров)",neutral
tr0469,Наши самые лучшие Тренера😊,positive
tr0470,Новый зал для школы танцев!,positive
tr0471,что у тебя случилось почему гипсован?(,negative
tr0472,кто может конкурс провести,neutral
tr0473,вообще нефиг делать=(,negative
tr0474,"в последний день, в последнюю ночь. я себе уже даже не удивляюсь",neutral
tr0475,Правда что ты будешь проводить конкурс на iPhone 6+??,neutral
tr0476,я тебя очень-очень-очень-очень сильно люблю!!!!!!!,positive
tr0477,у него день рождение в августе) вас наебали)),neutral
tr0478,"Обновление программы Поместье до версии 2.0
Опубликовано 14.04.2015
Реализовано в этой версии:

Улучшен способ навигации в главной и мини карте
Добавлена возможность загружать, редактировать и масштабировать фото со спутника
Фото со спутника можно использовать фоном
Добавлена возможность быстрого поиска растения в яндекс картинках
Реализована печать запланированных растений
К изменению границ участка добавлена возможность регулировать масштаб холста
Исправлены мелкие ошибки.
Эта версия является бесплатной.",neutral
tr0479,"Следил за брожением Wikileaks по сети. Вчера по запросу   Гугл выдавал ссылку на какой-то айпишник, который сегодня, видимо, зарубили. Сейчас работает  . Гугл-переводчит переводит его достаточно коряво, но общий смысл, при отсутствии з",neutral
tr0480,Мои любимки*,positive
tr0481,"Хочется ехать.В никуда.Просто ехать.Слушать музику и смотреть на проплывающие мимо деревья,поля,облака.Днем и ночью ехать,ехать и ехать,чтобы никто не трогал.Никто",positive
tr0482,Шакил О'Нил завершил профессиональную карьеру - Баскетбол,neutral
tr0483,"что то типа того, на один раз, тертий раз под ряд стало уши резать. мне по крайней мере.",neutral
tr0484,"Две цитатки из поста «Плюй на людей сверху, они этого заслуживают!» и ""А он должен иметь хоть один шанс сбежать из нашей грязи и пожить человеком."" То есть прилепин этот, легко и непринужденно, записал всех нас в грязное быдло, спасибо что детишек за скобки вывел, в полном соответствии с приведенной выше цитаткой. Но он-то, вы посмотрите, весь в белом. А по мне, прилепину этому, быдло горизонт застит. Нет, оно конечно ярче, вонючее, соответственно виднее нормальных человеков. Но, только для кретина его грязь равняется грязи общей. Не читал этого мудака, теперь и не буду. А хомячки-то как рады - коментЮт.",negative
tr0485,"В нотариальной конторе по адресу Коммунистический пр., 49 работает ТУПОРЫЛАЯ ОВЦА. Опасайтесь люди.",negative
tr0486,"FAQ по инфовойнам. Для тех, кто полагает, что наша страна находится в заднице | Стерва",neutral
tr0487,Скульптура святого Георгия Победоносца в храме рождества Христова. Сфоткал для любимого крестника Георгия 🕵🏻,neutral
tr0488,Моему другу выписали справочку,neutral
tr0489,"[id10947395|Дмитрий], У моей сестры такой, здоровенный гад..",neutral
tr0490,"Вот это танец
Аха)",positive
tr0491,"Мои фотки... Все сделаны на телефоне, так что не судите строго качество картинки...",neutral
tr0492,Это я глазами видеорегистратора :),neutral
tr0493,"Любовь, что ето??? Может, ето прекрасное состояние души влюбленного человека, которое невозможно обьяснить словами?! Или ето боль и страдание безнадежно влюбленного?! Кто может сказать наверняка, найти нужные и точные слова, помочь понять ето такое простое и в то же время многозначущее слово ""ЛЮБОВЬ""?! Слово, которое так неотемлемо в жизни каждого человека, слово, что иногда значит целую жизнь, произнося которое вновь и вновь как будтобы сильнее хочется жить, и произносить ето заветное и искреннее ""ЛЮБЛЮ""!!!  СКАЖИТЕ, ЧТО ЖЕ ТАКОЕ ""ЛЮБОВЬ""?????!!!!",neutral
tr0494,"поговорим о шопинге!....задрало отсутствие всего,в наших магазах...Совершая ходки в основном в наш масс маркет, лицезрею отсутствие фантазии у производителей одежды...как вариант решаю пробежаться по мужским отделам,иии ..о Боги ))в ключе популярного нынче Swag тренда, решусь все таки на приобретение мужских рубашек,свит шотов,футболок с надписями....Вообщем всей душой прониклась в мужской мир!......P.S. #типавот#",positive
tr0495,Да пошло оно все на хуй!!!!!!,negative
tr0496,"Мандаринка - небольшая утка массой 0,4-0,7 кг.",neutral
tr0497,малая моя люблю тебя :****,positive
tr0498,Посадка семян помидор,neutral
tr0499,:) немножко подустали)),neutral
tr0500,ОН был для меня ВСЕМ.....,negative
tr0501,Спасибо за офигенный день*я люблю вас*) вы мне сегодня столько улыбок подарили♥,positive
tr0502,"Юлия - (с греч.) ""Волнистая, пушистая"".

Юля обидчивая и ранимая девочка. Ее настроение часто меняется, веселая и шумная, она вдруг без видимой причины становится вялой и апатичной. У нее живой ум, склонный к обобщениям, великолепная память. У Юлии широкие возможности в выборе профессии. В работе обязательна, аккуратно выполняет поручения. Домашние заботы ее не увлекают, хотя она все умеет делать прекрасно, но для этого ей нужно особое настроение, а не каждодневная рутина. Друзей у нее много, она рада принять их у себя.",neutral
tr0503,"Продаю мед натуральный цветочный (подсолнечник) в розницу по оптовой цене: 3 литра (4,5 кг) - 650 руб, 1 литр (1,5 кг) - 250 руб., 0,5 литра - 130 руб. Доставка по Краснодару.",neutral
tr0504,"Здравствуйте! Мне нужен шифон, который задерживается в воздухе после взмаха, т.е. самый тонкий. Подскажите пожалуйста. Заранее благодарна.",neutral
tr0505,Рада одобрила допуск иностранных войск на территорию Украины,neutral
tr0506,#Sport вместо лекарств.. #турники @Зенит,neutral
tr0507,"Насколько ""твои"" мысли являются действительно твоими?",neutral
tr0508,Дарю тебе букет котов!)),positive
tr0509,"Таки прошу прощения у резких и грубоватых поклонников Е.Б. По своей тупости не совсем верно построил предложение и скорее стоило осудить большинство его прогибаемых и не имеющих своего мнения хомячков. Я не призывал всех любить ""Голодные игры"", а Самого Евгения уважаю. Однако попросту обидно, что из 15-ти минутного вагона инфы народ приметил лишь эти две буквы, и то что я разжирел. Обожаю наш народ, любящий запоминать сугубо плохое и тыкать мне в нос негативом. Никто вас не заставляет смотреть мои видео. Собственно это моя территория, где я (как и Е.Б.) хочу и буду высказывать свое мнение, если что-то не нравиться, то скатертью дорога, и отписывайтесь на здоровье. С любовью, бездарный завистник. ❤",negative
tr0510,"Как всегда-кайфово,драйвово,энергично и вдохновенно. Спасибо!!! #Rizups",positive
tr0511,"А слабо пойти в ЗАГС и расписаться с тем, кто первый в списке ваших друзей?",neutral
tr0512,крутая фотка!),positive
tr0513,Мне сегодня подарили телефон просто так 😊🙏,positive
tr0514,вчерашним),neutral
tr0515,"Беги, Катя, беги. (с)",neutral
tr0516,"Вот неожиданное мое открытие - не про Пикник и не про АРИЮ, думаю ты заценишь!",neutral
tr0517,Все просто за-еб-ись!) Еще никогда не было так хорошо!=))))))))))))))),positive
tr0518,"мороз и солнце - день чудесный,чего ж ты дремлишь друг кудесный!?)))",neutral
tr0519,"Всем человекам физкульт привет!!!! Всем майдано-даунам физкульт пока!!!!
Было сегодня чего интересное? 
На что внимание обратить? 
Весь день по работам аки трактор, ничего не видел (((",negative
tr0520,я валялась!)))))парад дураков)))ппхххаа))))посмотри котькин))),positive
tr0521,"Вот такую красоту мне заделала, моя [id241089469|звезда] ❤ 💄 💃",positive
tr0522,а сами даже машинку стиральную включить не умеют))),negative
tr0523,"хахахха мы теперь все товарищи , и еще и на связи))))  вот контакт жЕт!!!!",positive
tr0524,"Вам признались в любви. Узнайте кто тут: 
 ♥♥♥  ♥♥♥",neutral
tr0525,"Умер специально, честно) надоело уже",negative
tr0526,ахаха:) классно было:),positive
tr0527,Доброе утро начинается с обеда и с хорошей песни!,positive
tr0528,Нинка новая звезда ютуба))) :*,positive
tr0529,Все для тебя!!!))),positive
tr0530,"Мне нечего вам написать, подонки. Поэтому, лучше ловите мой #ВернитеМне2008. (на самом деле 2010) (вроде 2010, может и 2009) (я точно не помню) (но скорее даже 2009, да)

Послесловие: Всегда до жути пугала слотовская ''Эмаль''.",negative
tr0531,Вот она послушай ее!)) К словам прислушайся и ты поймешь о чем я писал у Катюхи в комменте!)))),neutral
tr0532,"выходные прошли => пора мечтаний, планов, целей => самовольно втягиваюсь в рутину => мда.",negative
tr0533,"Концерт ""Lumen""-это сейчас то,что позволяет мне двигаться вперед!",positive
tr0534,А как покоряют ваши сердца?  💞,neutral
tr0535,Медвед зарегался ВКонтакте!!!),neutral
tr0536,"Обсуждали вчера Таины одноклассники по Вайберу тему Детского Мира на Лубянке. Сегодня мы эту тему раскрыли 😊. Кому - что, а нам - Джейк из #TheAdventureTime . (За сегодня Давид его то Финисом и Фербом назвал, то Грэгом каким-то. Трудно запомнить современных героев)))) #CartoonNetwork",neutral
tr0537,Я стал юристом! ВАХ,positive
tr0538,"Коленька,я тебя люблюююю❤❤❤❤❤",positive
tr0539,подскажите где в Киеве можно купить кабель FireWire 800 (9pin) на FireWire 400 (6pin) ???,neutral
tr0540,"⚡⚡⚡Безумно люблю дождь, гром и молнию. Но когда ты на мотыге, ночью, да еще и на Пхукете, то эмоции уже зашкаливают☔☔☔👽👽👽",positive
tr0541,Кто лучше?,neutral
tr0542,Это мне подарочек был такой на ДР от Аси Андреевой))),positive
tr0543,Дарю вам 10 симпатий в Topface,neutral
tr0544,"*   *   * 
При лунном свете гладь реки так мАнит.
Здесь волшебство и тайна балом правят.
Я внутренний трепет, как птицу уйму,
В свое отражение смело взгляну.

Рукою коснусь зачаровано вод
И ласково волны влекут в хоровод.
МанЯт серебристой дорожкой луны,
Ничто не нарушит вокруг тишины.

К тебе обращаюсь, Живая река,
Не ведаю мудрости женской пока.
Меня научи - ты жизни начало,
В нас общая суть живет изначально.

Очисти от боли, Матушка,  тело,
Омой мою Душу, чтоб  зазвенела.
Я мудрость и опыт приму словно дар
И дочке в наследство его передам. 

Анжела Осадчая",neutral
tr0545,ахах..я вообще плачу сижу хах..ужасное зрелище..как тогда),negative
tr0546,во блин тоже хочу фото с гордоном фриманом! это же HL,positive
tr0547,Король и Шут - Лесник,neutral
tr0548,Будете ли вы играть в EN98?,neutral
tr0549,Пусть сбываются все твои мечты !!!!! ))))))))))))),positive
tr0550,Моя вредность - это лишь часть моего очарования. 😂,positive
tr0551,Sony заставляет пользователей PSN отказываться от подачи любых исков против нее ...,neutral
tr0552,И вот же))),neutral
tr0553,"Он наблюдает, как ты болеешь ;))))",neutral
tr0554,:) как-то так,neutral
tr0555,Ты заценишь!),positive
tr0556,Студентка)))))^^,neutral
tr0557,"мммммм)) хочу, хочу, хочу))",positive
tr0558,"лето кончается, мечты не сбываются, работа начинается.",negative
tr0559,"Со старостата:
1. 2го октября Chicago с фия и химиками
2. нужны ли нам лекции по праву, будут приходить с эпфа и читать нам лекции на нашу тематику.(тему прошу оставить в комментарии)
3. 4го октября на Бригантине будет Что?Где?Когда?
4. 7го ноября будет дебют с фия
5. 25го октября Что?Где?Когда? факультетское.в команду можно 6 человек
6. Проблемы факультета(оставить в комментарии.например, общажные проблемы)
7.Красный крест.принести 5 грн.

на счет учебы:
Епик дала лекцию нужно сделать ксерокс и как бы знать. в Пятницу будет контрольная работа по ней.",neutral
tr0560,"УРА! У нас новый БАРАБАН!!!
Теперь я так тарабарабанить буду! (хирурги в соседнем кабинете уже подпрыгивают)))
Может их Равелем порадовать?

Друзья, а если у вас есть желание порадовать УШКИ наших пациентов новыми звуками, мы с удовольствием примем любой шумовой или музыкальный инструмент.",positive
tr0561,"Я узнала ""Какое ты мифическое существо""",neutral
tr0562,Российская авиация через 3 дня начнет бомбить либо Сирии либо в Ираке моджахедов !,negative
tr0563,Иметь хороших друзей - одна из лучих ценностей жизни.,positive
tr0564,а я вот эту,neutral
tr0565,Дурачимся^^,positive
tr0566,"Эксперимент)
Как две старые пряжки могу превратиться в серьги)",neutral
tr0567,Походу это Я))),neutral
tr0568,"И мы в говно трезвые, какие последствия?",neutral
tr0569,Ознакомься.,neutral
tr0570,Это какой-то пиздецкий пиздец....,negative
tr0571,БЕРЕГИТЕ МАМ !! ОНИ САМЫЕ ЛУЧШИЕ !!!!!!!,positive
tr0572,"Зенит 3-1 Порту) ДА!ДА!ДА! ВОТ ЭТО МАТЧ) Я ЖЕ ГОВОРИЛ, ЧТО ЗЕНИТ ПРОБЕДИТ!!!)))",positive
tr0573,Ахахаха Купи 4 Машины В Терминале Понятно???))),neutral
tr0574,"аааааааааааааа ФИНАААААААААААЛЛЛЛЛЛЛЛ!!!!!!!!!!!  МОЛОДЧАГИ!!!! УБИЙЦЫ!!!!!!! БРАВО!!!!! КОСТИЦЫН, первая шайба в плей-офф, зато КАКАЯ! НУ СПАСИБО МУЖИКИ!",positive
tr0575,На Ольги Форш взорвалось взрывное устройство.,neutral
tr0576,"Просьба к борцам за свою родину и простым Украинцам, добить всех отбросов с Кавказа которые служат Нашему общему врагу путину, так-же прошу что бы вы определяли их не как Чеченцев а как национал предателей под названием кадыровцы, потому что это не Чеченцы, мы Чеченцы воюем против этих шакалов и предателей и убиваем их у Себя дома, и мы готовы вам в этом помочь на Вашей Родине как когда то это делали вы на Нашей Родине!",negative
tr0577,"Замечательная Вещь! Обязательно закажу на новый год) Не профессиональный, классику, дерево! Всего за 800руб! Сделаю подарочек себе)

Кто-нибудь заинтересовался? Пишите, закажем вместе, меньше за доставку уйдет)",positive
tr0578,А почему так инертен Днепропетровск? Скажите знающие,neutral
tr0579,цацка за 120 тыс грн ),neutral
tr0580,надеюсь вспомнишь откуда это. это тебе под лсд,neutral
tr0581,"""Тебе куда?""",neutral
tr0582,"Опять эти статусы на стене плаксивые))) 
хватит тоску нагонять)",negative
tr0583,"=**Аленка, хорошо,что ты меня вытащила в деревушечку на этой недели))Втроем нам было очень весело))Буду скучать за вами*))",positive
tr0584,Бедная убивашка )))),neutral
tr0585,"Буду наглядным доказательством того, что человек может в сотни раз больше, чем кажется.",positive
tr0586,вот этих всегда рад видить!,positive
tr0587,"План действий на сегодняшний день)
в 23 ,00 идем в бильярд,дальше по плану ожидаются 2 порции роллов на холяву и по пивку ""Рис"" за мой счет)
ты как?)))Так же фото отчет)",neutral
tr0588,"В древних санскритских легендах говорится о любви, предопределенной кармой, о существовании связи между душами, которым суждено встретиться, соприкоснуться и найти упокоение друг в друге. Согласно легендам, суженую узнаешь мгновенно, потому что твоя любовь к ней сквозит в каждом ее жесте, в каждой мысли, каждом движении, каждом звуке и каждом чувстве, светящимся в ее глазах. Ты узнаешь ее по крыльям, невидимым для других, а еще потому, что страсть к ней убивает все другие любовные желания.

© Грегори Дэвид Робертс ""Шантарам"".",neutral
tr0589,Вот так вот внезапно))))))),neutral
tr0590,"# 18 Служба спасения дом.задания (Влад), 21.11.2012",neutral
tr0591,"сукааа хотела книгу почитать...так,тут разве будешь читать из-за шмурдяков разных...",negative
tr0592,ну и вот собственно)) обращаем внимание на левую часть сцены),neutral
tr0593,ПРИШЛИ ШЕСТУЮ!,neutral
tr0594,"Эй, вы что там наверху делаете???? Я с такими темпами заедания горя по ненаступающей весне потом не только в сарафанчики и шортики не влезу, простыни не хватит обмататься(((",negative
tr0595,"очень сомневаюсь, но послушайте:)))",neutral
tr0596,"удалил? Оо, лол",neutral
tr0597,в пятницу жду на концерте!,neutral
tr0598,Весьма интересный взгляд неправда ли?Как вам?,neutral
tr0599,Эффективный поиск жэны,neutral
tr0600,Найдите грустный смайлик.,neutral
tr0601,"К... - подумала Анастасия, увидев вас.
Зайдите в игру, чтобы узнать, что о вас думает Анастасия. Продолжение тут:",neutral
tr0602,и зачем такую хуйню делать,negative
tr0603,"Отличный фильм, смотрел 3 раза. Я бы его и тебе порекомендовал посмотреть, но он тебе не понравится, а вот отрывок посмотреть можно.",positive
tr0604,не по дням а по часам,neutral
tr0605,"гори-гори ясно, чтобы не погасло",neutral
tr0606,Нашлюбимчик#❤️🐱🐱,positive
tr0607,А кто это рядом с тобой сфотографировался?,neutral
tr0608,"Знаете ли вы?

Известный актер Том Харди (""Начало"", ""Бронсон"", ""Темный рыцарь: возвращение легенды"") около двух лет назад начал карьеру поп-певца. В прошлом году вышла его дебютная пластинка под псеводнимом ""Иван Дорн"". Простое окрашивание волос и безупречный русский сделали его практически неузнаваемым.
Но, знаете, как поет его альтер-эго: ""не надо стесняться"". Мир должен узнать правду!",neutral
tr0609,"Когда забываешь, что ты не в Интернете. 
#SaveKompot",neutral
tr0610,А все равно прикольно:,positive
tr0611,пошли бы Вы,negative
tr0612,прям точно тебе надо!,neutral
tr0613,"Дарю тебе ""Сердечко-обнимашка "":)! Открой коробочку!:)",neutral
tr0614,"ахахахаха ну я с тебя угораю))))))
как ни захожу уссыкаюсь!!!))))))",positive
tr0615,на курорте😆🔆✈,positive
tr0616,"Твое лицо, когда нашел бокал для винишка оптимального размера ^^",positive
tr0617,"Халявный незапароленный, подозрительно молниеносный вайфай. Ставлю сотку на то, что завтра он пропадет.",neutral
tr0618,Фотосэт терроров прошел удачно) вот кое что из общей массы) остальное скоро в официальной группе в вк),positive
tr0619,"кто смотрел, тот поймет )",neutral
tr0620,"""Во мне просыпается та самая девочка-подросток, только раскрученная на бессонность 80 уровня. Оказывается, когда уже нет выбора: спать или не спать всю ночь, особенно, когда нечаянно одна, очень хорошо делать эту единственно возможную... бессоницу под Земфиру.""",neutral
tr0621,аиста репачок дааааааааааа),positive
tr0622,"Кто без греха, пусть бросит камень в Демушкина, смывшего ошибки кровью - СЕГОДНЯ 7 МАЯ СВОЮ ДНЮХУ он встречает с боевыми ранениями, и вышел ли из больницы - пока не знаю...",negative
tr0623,"Вежливая Ватница
 ‏[id78611340|Евгения Евгения] 
фотошопер 11 левла бгг))",positive
tr0624,"Данил, ты вот про телепузиков плохо думаешь, а видел что японцы снимают? У них почти все фильмы такие и реклама. www.youtube.com/watch?v=onAiK915VHA&feature=related",neutral
tr0625,Грустный КПИшный ежик 😞,negative
tr0626,"День Рождения
❤ 💋",positive
tr0627,качаю порно...,neutral
tr0628,я теперь студентик!,positive
tr0629,специально для ивановой манечки,neutral
tr0630,"Обычно люди проводят свой День Рождения где-то в кафе или на природе, ну а Таня в школе и в хореографическом зале 😄👌",neutral
tr0631,Мальчишник,neutral
tr0632,ДА-ДА-ДА!)),positive
tr0633,"Скорее всего не все разделят это мнение, но мне очень жалко покупать кошек за деньги, когда на улицах гибнут от холода и голода котята((( Мне тоже нравятся определенные породы, но я никогда не куплю себе кота или кошку, потому что буду знать, что где то умирает от голода котенок, а я трачу деньги за породу((((",negative
tr0634,"ернадес, 40 секунда. вот так!!!!",positive
tr0635,Это от Чеза!!!,neutral
tr0636,немного красивой нецензуры),neutral
tr0637,у следователя в кабинете,neutral
tr0638,"Никогда и никому не говори, что у тебя есть коньяк.",neutral
tr0639,мой новый крутой подарочек)заспиртованная кобра),positive
tr0640,статус - мудак и мразь!,negative
tr0641,"Роооооооооооооооооооом повторишь!?!??!????
))))))",neutral
tr0642,вот отрывок что слушал в 2003,neutral
tr0643,Вооот) такая же ситуация)),neutral
tr0644,А мне больше третий фильм понравился=)))))))))))))),positive
tr0645,Они существуют!!!,neutral
tr0646,"Женя, хочу познакомить тебя со своей подругой! Она тебе понравится. Узнай кто это:",neutral
tr0647,"Меня не посадили,я живой!Занят,дела нормально!",positive
tr0648,"Абра кадабра... иди на хуй, бра...)",negative
tr0649,Нужны программисты ПО !! Выгодное предложения!!! обращаться в личку!!,neutral
tr0650,"Второй вечер подряд со мной Гарри Поттер!:3
Oh, my God! I'm happy!! ^^",positive
tr0651,почти троль),neutral
tr0652,1 мая 1947 года 23-летняя Эвелин МакХейл бросилась со смотровой площадки 83 этажа Эмпайр Стейт Билдинг. Она упала прямо на лимузин ООН. Позже это самоубийство назвали самым красивым.,neutral
tr0653,Я уеду жить в казарму!!!,neutral
tr0654,люблю тебя солнышко!!!!!,positive
tr0655,"В продаже платье Lakbi, цвет, как на фото, размер 46. Цена 1000 грн. Альбом в наличии",neutral
tr0656,"Солнце светит - я балдею, дождь идет - я фонарею,
я от жизни ловлю кайф - все прекрасно, IT'S MY LIFE!",positive
tr0657,"О да, товарищи. 
Бойфрендов у меня на самом деле не сосчитать - целых ноль.",negative
tr0658,четкая тема)),positive
tr0659,Имеются ли у тебя неосуществленные сексуальные фантазии?),neutral
tr0660,"Говорят, 14 февраля случаются чудеса.. ну.. давай, Чудо, я буду тебя ждать. 

найобка)",negative
tr0661,"Образование дает возможность нам найти работу, а самообразование - зарабатывать!",neutral
tr0662,"Что-то я давно Лолу не фоткала...
На заднем плане Ива с мишками^^ @ обитель зла",neutral
tr0663,"да я похуист,да у меня не простой характер......зато я настоящий......,да и кстати...я вам ничего не обещал!",neutral
tr0664,сережинька :3,positive
tr0665,просто оставлю это здесь...),neutral
tr0666,"Как обычно, дело было вечером - делать было нечего 😊",neutral
tr0667,"Праздник приходит даже туда, где всегда +30",neutral
tr0668,"Ну что ж,менты из Первомайского РОВД добились своего - состою теперь у них на профилактическом учете. Правда,есть в этом и свои плюсы - теперь я хоть знаю,кто у меня участковый. Надеюсь,мы сладим с ним))",negative
tr0669,"""Кто управляет прошлым, тот управляет будущим""",neutral
tr0670,c самого утра в голове играет,neutral
tr0671,Заебал один мудак...так и хочется нас... на него))),negative
tr0672,Алькантара (Замша) Какой цвет Вам больше нравится ?,neutral
tr0673,"Люди почему-то забывают тех,
кто им был дороже всех.",negative
tr0674,Тем временем на Новодачной,neutral
tr0675,Старик Великий Новгород.,neutral
tr0676,"Gods Of Kitchen on USTREAM: Кулинарное реалити шоу ""Боги кухни"" без купюр, без монтажа, без дураков Самое реалистичное шоу про приготовление еды. Расширяем...",neutral
tr0677,#tattoo наконец-то сделал),neutral
tr0678,Бывший замруководителя «Росатома» попался на хищениях бюджетных средств,neutral
tr0679,Хочеться трошки СОНЕЧКА ☀,neutral
tr0680,Осень пора щуки,neutral
tr0681,Я узнал Кто ты из фильма Три мушкетера,neutral
tr0682,"Расписание таково на понедельник: если учитывать что сейчас числитель, то нам к 13-45 (к 4ой паре). будет 3 пары.
1ая лаба Практикум по бух учету 3к. ауд. 103; 
2ая пара это лек. Учет затрат калькул и бюдж в отд отрасл произв сферы 3к. ауд. 102; 
3ья пара это лаба Учет затрат калькул и бюдж в отд отрасл произв сферы",neutral
tr0683,моя сестра так умеет :D,neutral
tr0684,Так лучше?,neutral
tr0685,Люблю тебя.,positive
tr0686,ахаха мега песня!!!,positive
tr0687,Как сделать шнур.,neutral
tr0688,Меня прееет от этой песни ХДДД,positive
tr0689,"Друзья, есть ли среди вас грамотные риэлторы? Отзовитесь пожалуйста. Нужна консультация",neutral
tr0690,Поумиляйтесь немного.),positive
tr0691,"бест френд,ты жжешь))))))))",positive
tr0692,"ааааааа!!!!первый экзамен сдал!!!!!еще и на 5!!!!!))))
ууууууу)",positive
tr0693,"что то так вспомнилось)))
хах, кажется за эту песню мы подрались???))",positive
tr0694,Блин! Единственное фото со мной с Behance Meet Up - и то ужас какой то),negative
tr0695,прыгайте!!!,neutral
tr0696,Айс день=)))) Купили мальчику игрушку за 360к - мальчик в восторге)))))),positive
tr0697,"Никто ни прийдет и не подарит Вам машину. Не будь пассажиром! Учись ! Твори! Живи! Не важно какая у тебя машина, главное, что она чистая и﻿ исправная, готовая выстрелить в любой момент.",positive
tr0698,я тебе Ди Снайдера принес,neutral
tr0699,Молодой погранец на Лексусе - это пиздец!,negative
tr0700,"Скучаю , моя бубочка...))))",positive
tr0701,Один из самых шикарных городов России😍🇷🇺,positive
tr0702,"ТЫ ПОЙДЕШЬ, Я ЗНАЮ 
 vk.com/odessa_projectx 
А ПОСЛЕ ЭТОГО ТЫ ПЕРЕДУМАЕШЬ 
 vk.com/wall-40984579_896

АХХАХАХАХ",neutral
tr0703,47 дней до дома...,neutral
tr0704,вяжи постить тупопездные цитаты =),neutral
tr0705,"Любимые уходят не из дома,
Любимые уходят из души…

Ты вдруг поймешь отчаянно и странно,
Что ты один! Один среди теней
И что в воспоминаниях вчерашних
Блуждать придется очень много дней.

До новой встречи будет путь не ближний
Отринь скорее прошлое свое.
Бывает, не хватает целой жизни
Понять душой, что вот оно- твое!

Услышьте все, кому печаль знакома!
ЛЮБИМЫХ НЕ ТЕРЯЙТЕ НИКОГДА!
Любимые уходят не из дома,
Они ИЗ НАС уходят навсегда…",negative
tr0706,я схожу с ума,neutral
tr0707,я горжусь нашей сборной !!!!!,positive
tr0708,"Нам говорили: «Вы играете музыку дьявола». На что мы отвечали: «Но ведь это все равно МУЗЫКА». 
 Tonni Iommi",neutral
tr0709,Дилды в виде Ктулху. Налетай 160$.,neutral
tr0710,Довыебывался.,negative
tr0711,Свято-Георгиевский женский монастырь,neutral
tr0712,в детстве так же делал)),neutral
tr0713,Фотогерой + Коллажи в стиле iPhone ★  vk.com/app1984864,neutral
tr0714,крута рубаха ),positive
tr0715,"То чувство когда тебя показывают по телевизору *о*
Пусть в эпизодах, но все-же часто :D
Кароч первый сюжет програмы про военно-патриотическое мероприятие в котором я участвовал х)",neutral
tr0716,"Сравнение данный по протоколам УИК и конечных данных ЦИК.
Заранее скажу - у Единой России по этому методу ""накручено"" 14,6%.",neutral
tr0717,"Научитесь смеяться над тем, что вам причиняло боль, иначе вам всегда будет больно. А как научитесь, будете смеяться над тем, что вам было больно. Выбор за вами.",neutral
tr0718,тем временем в маге,neutral
tr0719,"Денис,вы работайте в Москве?",neutral
tr0720,пью водку и хорошо....),positive
tr0721,Самый патриотичный маршрут столицы))💙💛,neutral
tr0722,может после этого видео он тебе понравится...,neutral
tr0723,"Ку)
В крайзис 2 давно играл?)
Хочу вот скачать, в мультик погамать. 

UPD: цука, сид ушел с раздачи.",neutral
tr0724,ыыыыыыыы я металюга ыыыыыыыы а выыыыыыы?=) больше всего ненавижу реп а вы?=)хахахаха,positive
tr0725,А вы нас научите еще новым движениям??,neutral
tr0726,"Не суди людей по себе, они не способны ради тебя сделать то, на что ты готов был ради них.",neutral
tr0727,"Уйти из жизни - все равно что выйти в соседнюю комнату,так что...Твой байк,братан,в твою же честь.",neutral
tr0728,"Инженер-конструктор,инструменталист и технолог #AnyWalker #Андрей_Смирнов",neutral
tr0729,Еду на Павловку! Горные лыжи!!,positive
tr0730,мурумрумур:*,positive
tr0731,Отпуск закончился😢 @ Раздольное,negative
tr0732,"Привет, Питер! Я вернулась :) ✈️😊
Правда, всего на неделю))) Друзья, кто хотел встретиться - пишите, звоните - эти дни очень насыщенные, к сожалению всего физически не успеть)😇💃

У меня так много фотографий! Наверно, альбомы лучше вовремя заполнять))) 😸 Но как-то все было не до этого...) В общем. Скоро все будет :) 😘",positive
tr0733,Не бойся быть белым,neutral
tr0734,Улыбнись и все будит зашыбись)))),positive
tr0735,"""с 1 июня 2014 года сигареты перестанут продавать в киосках, в кафе и ресторанах не будет залов для курящих, покурить больше не удастся и на территории гостиниц, платформах электричек, рынках и многих других людных местах. Сумма штрафа достигнет 1,5 тыс. рублей."" 
Неужели и правда можно будет свободно заходить в кафе, не натыкаясь на вонючих дымящих свиней?! Скорей бы лето)))",positive
tr0736,"Как говорил Уинстон Черчилль, «перфекционизм - это паралич».",neutral
tr0737,"Замкнутый круг... У меня замерзают ноги. Я надеваю теплые носочки, а то и по две пары. Ногам становится жарко, они потеют, затем от влаги быстро остывают... и - у меня холодные  мокрые ноги в теплых носках...",negative
tr0738,В последнее время у тебя одни глупые репосты.,negative
tr0739,Пошли завтра нажремся ?,neutral
tr0740,""" -смех без причины - признак дурачины)) 
 -мой признак!!) """,neutral
tr0741,"У меня было сорок (40) фамилий,
У меня было семь (7) поспортОв.
Меня семьдесят (70) женщин любили
У меня было двести (200) врагов.)",neutral
tr0742,Вспомни как в бассе под нее жгли! Да детка :D,positive
tr0743,"вот под эту давайте танцевать:DDD
так то норм получается под нее)",positive
tr0744,"баба, не будь дурой - занимайся физкультурой!",neutral
tr0745,"Пойми что сама по себе жизнь, это не больше чем жалкое существование!",negative
tr0746,ТЫ УЖЕ ЗАПАССЯ????,neutral
tr0747,"прощай, надя. не поминай лихом. лежу в канаве с перерезанным горлом..............",negative
tr0748,Знай себе цену. 😄 💸 💰,neutral
tr0749,аххахахаххахахахахаххахаха)*,positive
tr0750,"Червь, знакомая тема!",neutral
tr0751,"Беля, что тебе там Кадыш такое делает интересное 0))",neutral
tr0752,"Не стоит полностью раскрываться перед людьми. Не все они, к сожалению, желают тебе добра. И часто тобою сказанное против тебя же используют!",negative
tr0753,Тестируем дрон в нелетную погоду,neutral
tr0754,"Чюдик мой любименький..)
люблю тебя сильно)",positive
tr0755,"Что такое счастье?
Я спрашивал родителей, бабушек и дедушек, друзей, сестер и братьев.
кто-то пытался ответить, кто-то пожимал плечами и рассеянно улыбался.
а потом я увидел тебя...",positive
tr0756,"Зая, не грусти!!! Все будет хорошо!!! Я тебя не брошу.. ))",positive
tr0757,"А еще был сегодня в Стокманне на Восстания - прежде не бывал и не собирался, но там встреча была назначена. С восторгом обнаружил на 5м этаже суповую едальню - в меню только супы! Порадовался, отведал.
Встреча оказалась приятной - вшестером спорили, иронизировали, наблюдали друг за другом. Один кадр оказался предельно примечательным: юноша рассуждал об упадке Европы и о том, что всякий, стремящийся к деньгам, одержим соблазном и несвободен в самом широком смысле его узкого понимания. Разумеется, в Еропе этот молодой человек ни разу не был, да и нормальных денег отродясь в руках не держал. Рудимент, что и говорить...",neutral
tr0758,Тебе че не скем поехать?,neutral
tr0759,"как поет, как поет)",positive
tr0760,"Демотиваторы, часть 203. (89 фото) , фото # 34",neutral
tr0761,Ваня не твой друг ???,neutral
tr0762,"Недавно проводился конкурс на случшую схему московского метрополитена (появится в метро с конца февраля) и уж честно или не честно, но победила студия Лебедева. И должен признать, увидев ее - я в восторге. Замечательная карта - все понятно, красиво, аккуратно, стильно. Даже есть версия 2, на которой прорисованы парки и достопримечательности. Просто супер. Прям даже хочется на метро разочек проехать, чтобы ее увидеть и выбрать в какой парк поехать =)",positive
tr0763,Такому на журфаке не научат))),neutral
tr0764,"Как же я счастлива, ведь у меня есть ты)
Никто и никогда тебя не заменит😘",positive
tr0765,Я ПРИДУМАЛА!!!!,neutral
tr0766,"Друзья, а есть ли среди вас програмеры, готовые со мной часик пообщаться?",neutral
tr0767,"Победитель конкурса ""Затролль паразита""",neutral
tr0768,"Самая лучшая кеса💜✨✨▫⚪🔴🔵▪◽◼⬜⬛
Пусть у тебя будет миллиард подписчиков и много много просмотров",positive
tr0769,"Самый счастливый человек, это тот, который попав в прошлое, ничего не стал бы там менять",neutral
tr0770,Во какое древнее видео откопал) играю в школе на расстроенном пианино)обожаю эту песню)))и ставить скобки после текста )))))))))),positive
tr0771,"Что ж, РЕНушка Петербургская, до новых встреч =)",neutral
tr0772,А вечера Соловьева сегодня нет?,neutral
tr0773,"ты мне льстишь, кусок счастья моего",positive
tr0774,«Дзынь!»- разлетелись мелкой стеклянной крошкой розовые очки…. Потому как не фиг…,negative
tr0775,"Родина...пусть кричат уродина, а она нам нравится💛  💙",positive
tr0776,"РАСПРОДАЖА !!!
Любой оттенок лака всего 16 грн.!!!",neutral
tr0777,SOMA - Истеричка (live 22.02.12),neutral
tr0778,ахаха севастопольские поймут)),positive
tr0779,У МЕНЯ ДОЧЕНЬКА РОДИЛАСЬ!!!)))) Я САМЫЙ СЧАСТЛИВЫЙ ПАПА!!! )))))))))),positive
tr0780,Почему загружается страница прямо в новости?,neutral
tr0781,Люблю самую прекрасную девушку на свете...*,positive
tr0782,у кого есть знакомые в/на Украине? что говорят о ситуации?,neutral
tr0783,"Артур, эт ты на выходных)))",positive
tr0784,Расход на BMW! Ее все равно люблю больше!)),neutral
tr0785,"боже, этот вид, хочется смотреть и не отрываться))",positive
tr0786,ФАЕРБОЛ-1 - 28 Марта 2011 - Сила Света,neutral
tr0787,хочу дружить! есть желающие поговорить о космосе?,positive
tr0788,Демо версия песни МАМА,neutral
tr0789,МОЯЖ  ТЫ  ПРЕЛЕСТЬ !!!  :3,positive
tr0790,Любовь и сомнение никогда не уживутся друг с другом.,neutral
tr0791,С Олегом Евичем переписывается жестко,neutral
tr0792,"Дело было вечером, делать было нечего.",neutral
tr0793,"а жизнь то,налаживается",positive
tr0794,Флэшмобовцы!!! завтра встречаемся в 12.00 внутри м.Парк победы на второй платформе в тупике(второй конец зала напротив экскалатора) Мой тел. 89261206418,neutral
tr0795,"У мусульманина спросили почему ваши девушки одевают платки. Мусульманин вытащил с кармана 2 конфеты одну в обертке другую без,и сказал выбирай.Человек выбрал в бумажке сказал что она чистая.Мусульманин сказал ""Вот и ответ на твой вопрос.""",neutral
tr0796,Санта в воздухе! Засек на радаре!,neutral
tr0797,"Нужен активный человек, который бывает разных местах Самары и может хорошо выражать свое мнение. Вы такой? напишите",neutral
tr0798,"28 сентября / TRANSLIPPERS

MORE of ACID, MORE of JAZZ,
MORE of TRANCE, MORE of SLIPPERS !
После летнего фестивального марафона мы будем рады повоздействовать на Вас Аудиодобром на нашем сольном концерте в
клубе КИТАЙСКИЙ ЛЕТЧИК ДЖАО ДА (СПб)
 vk.com/jao_da_spb 
Начало 20:45",neutral
tr0799,"116.04.25.8. Можно убежать хоть на луну, только толку с этого?! От себя не убежишь.",negative
tr0800,Антош заметь какое у тебя выражение лица когда ты трубочкой мешаешь воду с лимоном в стакане :)))))) хахаха,positive
tr0801,аее в Карпаты :D,positive
tr0802,"лучшее летнее фото. Классика жанра. Спасибо, студклуб Финэка",positive
tr0803,Кто из всех здесь присудствующих доволен своей жизнью?,neutral
tr0804,"Ну вот только не говори,что это тебе тоже не нравится",neutral
tr0805,блин..меня эта песня плакать заставляет..аж пробирает)),positive
tr0806,Серебряный браслет Hot Diamonds с бриллиантом,neutral
tr0807,"я не злой, но все же достали малость",negative
tr0808,каталонские шлюхи!,negative
tr0809,карпускулярно-волновая теория mainstream ver.,neutral
tr0810,"Вегетарианцы среди великих и знаменитых людей: Альберт Эйнштейн, Леонардо да Винчи, Махатма Ганди, Лев Толстой, лорд Байрон, Бернард Шоу, Майкл Джексон, Джаред Лето, Антонио Гауди, ""Битлз"", Пол Маккартни, Ричард Гир, Бред Питт, Майк Тайсон, Натали Портман, Ума Турман, Памела Андерсон, Деми Мур, Томас Эдисон, Брайан Адамс, Билл Клинтон, Леонардо ди Каприо..... и это только единицы..!",neutral
tr0811,"ПРЕДВАРИТЕЛЬНАЯ ПРОДАЖА БИЛЕТОВ
МАЕВКА! ПЛЯЖ №1 
тел. 050 830 64 49",neutral
tr0812,Цареградский показал всем кто тут папа (с),neutral
tr0813,Главно не встретить новый год как позапрошлый)),negative
tr0814,"В этом году главная группа российской тяжелой сцены Ария отмечает свое тридцатилетие. Юбилейные концерты, в которых примут участие, в том числе и бывшие участники коллектива: Кипелов, Маврин, Терентьев, Манякин, Грановский, а также симфонический оркестр «Глобалис» (дирижер Ульф Ваденбрандт), пройдут 28 и 29 ноября в московском клубе Stadium.",neutral
tr0815,"Начало наших гулянок, начало наших достижений, начало конца!!!!!! Какое классное чувство - никуда не спешить!!!!!)))))))",positive
tr0816,"Иногда мне так и хочется
прыгнуть в воду с моста, с
веревкой на шее,
перерезаными венами и
чтобы во рту остался
только горький привкус от
таблеток...
---------------------------------
P.S:Грекова Адель,люблю***",negative
tr0817,и этот день настал )),positive
tr0818,"Итак, правильный ответ: более раннюю судьбу прозвища нельзя проследить однозначно.",neutral
tr0819,"перелет и Бангкок... перелет отлично, Бангкок-  пахнет плохо, вокруг слишком много тайцев, почти нет wi-fi, но вроде добрые люди... у них большинство ездит на мопедах, движение левостороннее и немного хаотичное.. метро по остановкам платишь(просто супер, что у нас не так) ...попали на улицу,где куча ихней еды на улицах продают, запахи от нее просто нетерпимые.. на острове все супер, совсем по другому) запахов меньше, иностранцев больше)",negative
tr0820,у всех есть чувства,neutral
tr0821,Жизнь игра-мы все актеры,neutral
tr0822,"Представь себе, что все мы едем в одном поезде, который везет нас к исполнению желаний. Но на каждой станции кто-то выходит из него. Эти люди хотят удобства и комфорта. Они хотят остановиться, потому, что уже достаточно поездили, или потому, что им нравится в этом месте. И при этом они упускают из виду, что поезд мог бы отвезти их в еще более красивые и удобные места. Выходя, они лишают себя всех тех вещей, которые облагораживают нашу жизнь. Тех вещей, ради которых стоит жить. © Бодо Шефер",neutral
tr0823,"не умею планировать свою работу(( мог бы по страничке в год переводить, дак веть нет..вот сижу 7ые сутки отгребаю..ыыы к пятницце 100 стр мелким почерком нать иметь..нихто добровольно с немецкого попереводить не хочет?",negative
tr0824,витражная роспись,neutral
tr0825,"То чувство, когда после мойки машины начинается дождь...",negative
tr0826,"Вот так вот, под ""Сектор Газа"", кофе и сушки делаются всякие chm, pdf и djvu'шки. Стоп, витую пару мне в ухо, да я же... комповый червь!!!",neutral
tr0827,"Аня, прекращаи эти помои в ленту постить, пожалуйста",negative
tr0828,"Я не принадлежу к партии, но понятно одно.Вы тела которых проплатили регионалы.А они ведь реально боятся что новое лицо может что-то изменить.",negative
tr0829,"Вы все дома? А, а я на море:-)",positive
tr0830,ебаные сетевые и подпиточные насосы,negative
tr0831,"и такое вот состояние Киева считается НОРМАЛЬНЫМ и НИЧЕГО ОСОБЕННОГО НЕ ПРОИЗОШЛО! 

Правильно. Стадо должно жить в хлеву засранном!!!!",negative
tr0832,"АААееее, сегодня побегаем!!!)))",positive
tr0833,не сдай экзамены и мечта исполниться :D,neutral
tr0834,"Открой нас заново - поверь,это реальность!",neutral
tr0835,УУУУУРРРРРРРРРААААААААА ПРОШЕЛ НА БЮДЖЕТ В КИЕВЕ!!!!!!))))))))))))))),positive
tr0836,Серебряная свадьба в День Святого Валентина,neutral
tr0837,"Вместо того, чтобы стирать слезы с лица, сотрите из жизни людей, которые заставили вас плакать.",negative
tr0838,"Я хороший мальчик,я делаю то же самое что и плохие, но хорошо! :) ​",positive
tr0839,"что, опять у кого-то др??",neutral
tr0840,"напомнило зверство, почему-то",negative
tr0841,Интересные идеи для лазерной резки,neutral
tr0842,ты мне ее уже присылал)))),neutral
tr0843,"Говори то, что думаешь.Близкие - поймут.Лишние - уйдут.",neutral
tr0844,"джип та у меня в Москве,а я в другом культурном городе 
хаха",neutral
tr0845,Маша смотрит Дюймовочку,neutral
tr0846,для того чтобы понравиться мужчине накрутите на палец белой херни колечками и используйте прием орального проникновения.,neutral
tr0847,Кто видит марс??У меня тучи...,neutral
tr0848,про катю прям порадовало,positive
tr0849,Наверное человек блудится там постоянно вот и решил продать ((,neutral
tr0850,нет я тебя только люблю,positive
tr0851,умничка***,positive
tr0852,"Дорогие друзья,пришлите мне название и авторов книг,которые произвели на вас наиболее яркое впечатление...",neutral
tr0853,послезавтра твой день,neutral
tr0854,"Вы что, сговорились?! Обычный сука кролик!",negative
tr0855,Надежда Савченко лично принимала участие в садистских выходках,negative
tr0856,дашка улыбнись для всех!для тех кто тебя любит и на зло врагам!сделай это прямо сейчас только искринне)),positive
tr0857,котяшки-няшки),positive
tr0858,не плохо)),positive
tr0859,Олдовые времена. лютые WIN'ы. Жаль что сейчас троллями себя считают подписчики говнопаблика #MDK,negative
tr0860,Тест английского пройден в приложении vk.com/app3278149,neutral
tr0861,андрей учи танцивать драм бейс если че летом сходим на пиратскую станцию =)))))),neutral
tr0862,Вообще то по библии сказано- что все разобьется об небесный покров. РПЦ явно это не учла.,neutral
tr0863,"Извините. Я почему вредный был? Потому, что у меня велосипед украли. А теперь я сразу добреть начну и какую-нибудь девчушку заведу. 😊",positive
tr0864,Помогите мне победить босса Никита Хохолков!!!,neutral
tr0865,"Я прошел задание ""Удели время огороду"" в игре ""Легенды снов"".",neutral
tr0866,а вот кстати в тему,neutral
tr0867,"Это был самый лучший отряд!:) Спасибо вам, ребята!:)",positive
tr0868,очень красивая из всех по моему мнению),positive
tr0869,Мы с тобой ВМЕСТЕ))),positive
tr0870,"ну эту полюбому слышала,но я просто тащусь по этой песне...",positive
tr0871,"Всегда буду ценить тех людей, которые 
в трудный момент скажут: ""Я с тобой!""",positive
tr0872,Наша будущая совместная игра=),neutral
tr0873,"Покажите мне того кто придумал простуду,я бы его с удовольствием заразила😩😤",negative
tr0874,Походу ты переводил),neutral
tr0875,“Почему мы должны жить по общим правилам? Мы - это мы”.,neutral
tr0876,Скандальная правда о Макдональтс =Р,neutral
tr0877,Хочу любви и нежности) и чтобы спать)))))),positive
tr0878,Пиздабол))) еще и факты подчищает,negative
tr0879,[id46149| Кульянову] понравилось,neutral
tr0880,Моя Любоф^^,positive
tr0881,"Люблю веселых и немного сумасшедших людей😜,
с которыми можно просто смотреть
друг другу в глаза и смеяться😆👀

просто так, без причины✌❤",positive
tr0882,Реальности свойственно меняться под давлением человеческих желаний и эмоций.,neutral
tr0883,"Этот кот, делает селфи лучше чем я 😱😂☝📷",neutral
tr0884,"Ура, снег!!!!! Снег снег, первый снег!🌨☃❄️",positive
tr0885,Спецназ ГРУ берет в плен украинского солдата. Слабонервным не смотреть.,negative
tr0886,Красавец:D,positive
tr0887,помнишь???,neutral
tr0888,Настолки своими руками,neutral
tr0889,Блиц-интервью с военным комиссаром Орловской области,neutral
tr0890,Самый лучший ТАМАДА!!!!!,positive
tr0891,"люди, кто слышит взрывы и знает где это ???
где это происходит ?
очень хорошо слышно, но непонятно что и где..",neutral
tr0892,Наркоман из Керчи хранил дома почти килограмм конопли,neutral
tr0893,Житомир. Кофейня. 8 утра. Первая остановка после ночи в дороге,neutral
tr0894,КиШ Ведьма и осел!!! Это бомба!! Всем смотреть!!,positive
tr0895,"Я хочу остаться сумасшедшей, жить так, как я мечтаю, а не так, как хочется другим..👻

Пауло Коэльо",positive
tr0896,"А ну-ка)) Артемыш)) Бери моего Юрчика - огурчика)) 
И пойдем квас - тарас пить )) :DDD
Я сегодня добрая )) Все за мой счет)) Я угощаю)) :DDDD",positive
tr0897,"хочу стать старым и седым
сидеть на кресле качалке курить трубку и чтоб хуй не стоял",neutral
tr0898,"договорились сегодня с девочками - первая, кто нажрется в питере досостояния, хмм, салютирования, - раньше всех замуж выйдет! (должно бытьвесело, замуж я еще не пробовала) 
(с) Кам",neutral
tr0899,Мой дед Солодов Степан Семенович. Пропал без вести в феврале 1943-го. Фото не сохранилось.,neutral
tr0900,на мальдивах=),positive
tr0901,"[id33538515|Денис], Смертная казнь - это месть, а не справедливость. Невозможно представить, чтобы люди рождались насильниками или террористами. Общество не имеет права мстить тем, кого само породило. То есть, сначала система воспитания выращивает моральных уродов, а потом система наказаний их убивает, чтобы скрыть несостоятельность всего общества.

Общество должно защищаться, изолировать себя от преступников (тюрьма), а смертную казнь приемлема, только в случае невозможности по другому изолировать (военное положение, революции).",negative
tr0902,Евреи-избранный народ. Электронная еврейская энциклопедия,neutral
tr0903,"[id135538994|Маргарита], ничего. А ты что раскажешь?",neutral
tr0904,Злобный вампир ищет спутницу для совместного празднования Хэллоуина.,neutral
tr0905,классный статус!),positive
tr0906,как вам))),neutral
tr0907,Будь осторожен!,neutral
tr0908,"[id3743024|Маша], сетлист в студию!)",neutral
tr0909,Сроки оформления работы ?с паспорту работаете?,neutral
tr0910,"Узнай, кто из твоих друзей неравнодушен к тебе!",neutral
tr0911,"оооо сегодня день фсо рф 
ы...чо ...кагбе праздник у меня :-з",positive
tr0912,"По-моему, выбор очевиден)",neutral
tr0913,"Очень переживаю, а работодатели читают ""Курицы Киева""?",neutral
tr0914,Настроение...,neutral
tr0915,"Шнур, сука, я взрослый мужик я не могу ходить и напевать - на лабутенах нах и в охуительных штанах😂😂😂",positive
tr0916,футбольчик...,neutral
tr0917,Странный мужик.. ничего не боится.. идет напролом... Какие силы за ним стоят?,neutral
tr0918,"братух мне 8 дней до дома,я в штаны ссу))не верится и волнение ебанутое какое то)))",positive
tr0919,И все таки жизнь прекрасна!!=),positive
tr0920,"Я фильм не смотрел, но отзывов подобных прочитал достаточно. Ваше мнение друзья?",neutral
tr0921,вот она - истина))),positive
tr0922,"уйти всегда проще, чем остаться и что-то изменить!",neutral
tr0923,в паспорте!*))))),neutral
tr0924,"Девушки считают,что сейчас все парни пошли какими-то женственными.Так ты сука ищи не в клубах,а в спортзалах и на турниках!!!",neutral
tr0925,я конечно не намекаю:D,neutral
tr0926,"Ребят, кто слушал пластинки в детстве со сказками...Накидайте, плиз, сказок тех времен...можно и современных...но лучше тех....МЕЛОДИЯ в основном выпускала)))",neutral
tr0927,Кто-то помнит? :),neutral
tr0928,это мой избранный) check it,neutral
tr0929,но 20 часов дома это же очень мало....((( ничего не успеешь...,negative
tr0930,"реально.....

★ отправлено через:",neutral
tr0931,Ты стал дохуя байкером или показалось ?,negative
tr0932,aхуеть теперь.,negative
tr0933,А вот эта очень душевная)),positive
tr0934,"Сижу я час, сижу я два!!!! Хляби небесные разверзнутся или как?",neutral
tr0935,Я вижу некое сходство :),neutral
tr0936,"Сегодня я в полной мере осознал, что я очень мало сплю, когда намазал на зубную щетку гель для волос и очень не сразу понял, что что-то не так....",negative
tr0937,Сейчас смотрел по дискавери программу про строительство в Дубаи. В Красноярске архитекторов вообще нет? Или они чем-то не тем занимаются?,negative
tr0938,Продается страница...,neutral
tr0939,Это вам не хухры мухры))))))))))А поздравление от МС Анюты епта))))),positive
tr0940,теневые миллиардеры...,neutral
tr0941,"ЖиVaGa - Я Буду с тобой!
Новый трек, под названием ""Я Буду с тобой"" Смотрите, Слушайте, Комментируйте!!!",neutral
tr0942,Есть у кого ни будь сережка?я опять сваю посеял.Выручите.,neutral
tr0943,"Пытаться забыть человека равносильно тому, чтобы вспомнить человека, которого ты никогда не видел.",neutral
tr0944,Японская реклама...там есть такая мозговыносящая О_о,neutral
tr0945,"""Поубивают вас всех когда-нибудь"" (с) Бросайте автоматы, бегите в Ростов, пока живы",negative
tr0946,Цены на ближайшие концерты 30-120 грн. и 40-140 грн.,neutral
tr0947,"day 05 -песня, которая вам о ком-то напоминает 

да, пожалуй самые сильные переживания с ней связаны..",neutral
tr0948,"Девушкам надо сразу объяснять, что у тебя есть девушка и отправлять их в список друзей.",neutral
tr0949,Трэк на финал скоро будет готов. Запись была сегодня. Ждите победы.,neutral
tr0950,"Платье ""золото"" для самой маленькой моей клиентки))  Маленькому солнышку исполняется 1 годик!",neutral
tr0951,"..вы просыпались когда-нибудь ночью от звука работающей дрели за стеной?..я - да)).....
 -""Скажи-ка мне, милый ребенок, в каком ухе у меня жужжжжит?- В левом! - А вот и не угадал! У меня жужжит в обоих ухах! ""..
....видимо у соседей в полночь случился трудоголистический припадок...на стук в дверь- не открыли.... громкий вопрос, не ебанулись ли они часом напрочь - проигнорили...но жужжжжать перестали...)",negative
tr0952,"Самый лучший отпуск!!!!!!!!!!!!! Как же было весело и хорошо!!!! Хоть и море нас не радовало водичкой в 9 градусов - мы все равно купались) Плавали с дельфинами, гуляли ночами и спали днем на пляже) После такого отдыха теперь бы недельку отоспаться!!!!!",positive
tr0953,"Трибунал сепарский сайт,охота за Санькой с начала 2015...😂🇺🇦🇺🇦🇺🇦",neutral
tr0954,Хочу тоже быть самым счастливым))),positive
tr0955,"О Фли, о бог бас-гитары!",positive
tr0956,очень долгожданный и хороший день был),positive
tr0957,"Те,кому мы нужны,всегда будут рядом! ♥",positive
tr0958,Когда школьники возвращаются с лагерей,neutral
tr0959,Вот и вышла моя новая песня слушаем и будем на ПОЗИТИВЕ))),positive
tr0960,сделай себе статус: Я люблю Дашку Н.)))(^_^),neutral
tr0961,покажи киску,neutral
tr0962,» Ура! Мне только что пришло 30 голосов с приложения < Выполняй задания - Получай призы > А тебе слабо? Выполни задания и ты! » vk.com/app3637904 «,neutral
tr0963,Я СИЛЬНО ГОЛОДНА====)),neutral
tr0964,"Просыпайся, соня, скорей!
Тебя ждет новый чудный день!
Ты теплом свою душу согрей
И забей на природную лень!
Светом своим этот день озари!
Много улыбок и счастья людЯм дари!
Сделай так - чтоб было с тобой хорошо!
Чтобы день твоей жизни зря не прошел!",positive
tr0965,хипстер №1 на селе!,positive
tr0966,а дома лето,positive
tr0967,Подготовка к концерту Red Hot Chili Peppers можно сравнить с масштабами ЕВРО 2012!,positive
tr0968,а кто знает когда релиз прометея на двд или блюрай?,neutral
tr0969,Шашлычоок *_* Что еще для счастья надо... =)),positive
tr0970,компроматик)),neutral
tr0971,Модняха моя💜 👑 👑,positive
tr0972,#горювполесскойглуши,neutral
tr0973,Ебать сука бред...,negative
tr0974,"Мама уже в аэропорту, скоро вылет... снова один =(",negative
tr0975,Я активно пытаюсь улучшить демографическую ситуацию в стране используя Лице-Мер,neutral
tr0976,А все-таки у нас в городе круто ),positive
tr0977,Вот оно как было то...,neutral
tr0978,Кто будет вторым? :)),neutral
tr0979,"а вы что думали? почему такой дождь, через час конец света!!:)",neutral
tr0980,Вот так меня поздравила жена))),positive
tr0981,МудылО ты де?:D,negative
tr0982,Слава ВДВ!!!,positive
tr0983,"Ладно утром проспал, ладно в учебе зае*али, но когда у меня оторвалась нитка от пакетика чая тут я просто сорвался.",negative
tr0984,пиздец просто!,negative
tr0985,"Попробуй сделать  ""Космос в бутылке""...
P.S. Заодно проверь,фейк или нет!)",neutral
tr0986,Люблю тебя солнишкО*),positive
tr0987,"обязательно зайду в Мак завтра...
обязательно!",neutral
tr0988,"Как встретишь Новый Год, так его и проведешь.
Судя по всему, 2012 будет стабильным:D",positive
tr0989,Мощный опрос придумал!,positive
tr0990,"Grand Watermelon Cocktail - готовится, давится, трясется и взбивается барменами клуба в огромном арбузе прямо на глазах удивленной публики",neutral
tr0991,"Инженер, который долго не мог нарисовать план эвакуации, тупо поджег здание и стал смотреть, откуда лезут люди.",neutral
tr0992,мои пупсы любимые спят))),positive
tr0993,от такого хочу)),positive
tr0994,какой курс ада к желтой краске,neutral
tr0995,Куда лезешь?!:DD,neutral
tr0996,"Нашли в нашем дворе милую молодую кошечку. Чистенькая, пушистая, ласковая! Так хочется, чтобы она росла в теплом доме.... Мы решили снять ролик об этом маленьком создании и найти ей друга - человека! Звоните +7-927-888-19-01",neutral
tr0997,ВЫХОДНЫЕ?????....НЕ НЕ СЛЫШАЛА!!!(((,negative
tr0998,вспомнила тему,neutral
tr0999,"""Линейка"")))",neutral
tr1000,Солнышко мое)))),positive
tr1001,красивых девок дохуя -но я люблю одну тебя,positive
tr1002,куда похители лето.......?,negative
tr1003,"всем,кто интересовался,чем я питаюсь. скудный вегетарианский ужин :)
кому интересно,эт спагетти в луково-томатно-чесночной обжарке. остальное вроде видно.",neutral
tr1004,Прям про тебя )),neutral
tr1005,Под Волгоградом тренер по тэквандо вместе с другом расстрелял компанию молодежи,neutral
tr1006,Часики тик так,neutral
tr1007,Ураааа))) Вот и закончилась школа))) жаль что впереди экзамены и ЦТ,positive
tr1008,Как же мне нравится эта картинка!! =))),positive
tr1009,Скучаю по тебе моя девочка !)))),negative
tr1010,Давно не виделись. Давай встретимся!,neutral
tr1011,Отправлено через,neutral
tr1012,"Блинъ, это круто!=)",positive
tr1013,мои деточки,positive
tr1014,Ты такое любишь),positive
tr1015,СРОЧНО НУЖНО НА ПОНЕДЕЛЬНИК 10 ЧЕЛОВЕК НА ЗАВОД ЭЛЕКТРОЛЮКС!!!!!!!!!!!!!,neutral
tr1016,"42-48 носки муж
цена 17 грн опт от 10шт-14грн",neutral
tr1017,Детский лагерь для взрослых.,neutral
tr1018,"Я тебя сломаю , придурооок)))))
ахаххахахаха",negative
tr1019,"Почему эту песню нельзя сразу сделать гимном Роисси?! Наконец-то логичный текст, который все быстро запомнят!(c)Мuд Роисси(Fake_MIDRF)",neutral
tr1020,"Мы сегодня с ЦСКА играем, будешь смотреть?)",neutral
tr1021,ахахахахахах,positive
tr1022,#затмение#2015#красота  @ Люблино Район Чудес,positive
tr1023,а сколько стоит?,neutral
tr1024,"Помогите! Какое слово из 6 букв загадано на картинках?
Возможные буквы: Е Ю Д А Я У Р Л Ъ Г Б М Ы Х

Присоединяйтесь к игре:",neutral
tr1025,"поскидывайте номера, пропало все(",negative
tr1026,"[club28477986|Ты не поверишь!], хуй там!",negative
tr1027,"Аааааа! Мне нравится одна из твои фоток! Узнай какая, жми сюда =>",neutral
tr1028,"#КПРФ уже совсем поехало такое снимать. Сначала был ролик как им стыдно жить в своей стране, теперь это... Вопрос?! А что снимите дальше?! Я уже реально боюсь представить, что будет дальше... Уже так и хочется сказать, #Сталин'а на них нет )))",negative
tr1029,получааай))):*,neutral
tr1030,мы с тобой когда придет зима ),neutral
tr1031,В ожидании вечера ... ),neutral
tr1032,Диски огонь)))),positive
tr1033,"Представляем вашему вниманию трэйлер к рекламному ролику элитной гостиницы «Персона +».

Расположенный в южной части Волгограда гостевой дом «Персона +» относится к числу мест отдыха с самым высококлассным обслуживанием в стране. Более подробную информацию вы можете узнать по адресу personahotel.ru/ и vk.com/public42194948",neutral
tr1034,"Интересно в Славянске уже радуются, что к ним наши идут?",neutral
tr1035,"Кто сказал, что декрет - это отпуск!?! Декрет - это работа в две смены, плюс ночное дежурство!",negative
tr1036,"На работе хорошо, мозг соскучился по экшену",positive
tr1037,крестины нашей доци!!!,positive
tr1038,моя любимая сестричка родила малыша )))))))я счастлива ))),positive
tr1039,":DDDDD Достижение открыто, 222 записи на стене у Андрея :DDDDD",neutral
tr1040,"очень романтичное фото. Хоть с точки зрения скульптуры полная бездарность, но все равно у человека разрешившего снести балалайку нет сердлца",negative
tr1041,Ангел-хранитель,neutral
tr1042,Для съемок необходимы туфли 43-44 размера. Желательно красные и на каблуке...,neutral
tr1043,"Маленький цифровой ревербератор с регулятором уровня волюми реверберировал, реверберировал да не выреверберировал",neutral
tr1044,"Муж готовит кушать, так приятно на это смотреть",positive
tr1045,Любимая банда))),positive
tr1046,"Как же зачастую хочется, чтобы твоя лучшая подруга жила в соседнем доме...",positive
tr1047,"ну что же,теперь ждем открытия регистрации на форум ростов2014 #forumrostov2013 #forumrostov2014",neutral
tr1048,Горячая штучка😃🙈 девочка-клубничка🍓🍓🍓,positive
tr1049,Красотка!)),positive
tr1050,Негодую...,negative
tr1051,"первое демо ""человек погоняло каратель""",neutral
tr1052,"Приглашаю к сотрудничеству человека, ведущего активную туристическую жизнь, для организации совместных путешествий  по Краснодарскому краю, Северному Кавказу, Крыму и пр.
Звоните 8(964)936-72-01 или в личку. 
Не забудьте рассказать друзьям.",neutral
tr1053,Еще одна собака))),neutral
tr1054,"Детские зимние термоботинки Цена 250 грн.Размеры 27 28 29 29 30 30 31 32 Ботинки под любые штаны. Ножке тепло и комфортно.Бронируйте размеры,сапоги у меня будут через недельку",neutral
tr1055,Давно пора. Нехуй казну грабить.,negative
tr1056,8:00- на встречу готова!.. И все прошло супер!,positive
tr1057,Кто мне ши разбил ??? !!!!,negative
tr1058,"Ну вот. Психологическая драма под названием ""Аспирантура"" окончена. Занавес. Аплодисменты.",neutral
tr1059,"Навязчиво крутилась в голове песенка - дешевый политический памфлет на злобу дня. Пока не записал, спать не дали.

ПОДАРКИ ДЛЯ ДУРАКА
(поется на мотив «Облака, белогривые лошадки»)

От восточного серпика луны,
И от звездно-полосатого заката
Нам дерзят погибели сыны.
В остальном - отличные ребята!

Ах, Эрдоган!
Ты решил, что на лошадке.
Ты хулиган
И с башкой не все в порядке.
Не смотри на нас, пожалуйста, свысока.
Есть у нас подарки для тебя, дурака.

Мы пульнем в заоблачную даль.
Пустяком тебе покажется Чернобыль.
От серпа отколется звезда.
И падет к нашим ногам Константинополь.

Ах, Эрдоган!
Ты решил, что на лошадке.
Ты хулиган
И с башкой не все в порядке.
Не смотри на нас, пожалуйста, свысока.
Есть у нас подарки для тебя, дурака.",negative
tr1060,"Самый лучший спектакль ""Жаворонок"" но есть еще не плохие...",positive
tr1061,"Шатов!
Ты просто хорош , наше будущее , Уралу привет \0",positive
tr1062,Песня клааааасная полюбому),positive
tr1063,СВАДЬБА В МАЛИНОВКЕ - 2 !!!!,neutral
tr1064,Немецкий журналист: Берлин передает Привет ополчению Донбасса!,neutral
tr1065,:))))моя сеструняяя**,positive
tr1066,все будет хорошо!,positive
tr1067,А че старые телефоны в Питер не могут звонить?!,neutral
tr1068,46 человек подали документы на струнное отделение! 46!!,neutral
tr1069,для меня Фадеев - эта песня..,neutral
tr1070,"В обморок ночи, я вечность лечу,
С легкостью вздоха свой облик теряю.
Только молчаньем сказать я хочу,
Лишь о тебе, я как прежде, скучаю.",negative
tr1071,♥самая самая самая 😍,positive
tr1072,"хочу,) хочу,)хочу..)))",positive
tr1073,"Девченочкиии к 1000 человек на моем канале будет конкурс!) будут очень крутые призы, которые нравятся мне самой и я хочу чтоб вы их попробовали:) 
Ииии... Ждем пока в нашей команде будет 1000!)
Напишите мне здесь или в ком. На последнее видео что бы вы хотели получить в качестве приза:) если на ютуб пишите с марочкой #ждуконкурс",neutral
tr1074,"я свое творчиство удалю,а то мне стыдно)))))))",negative
tr1075,свалил на полигон. буду 2-го мая.,neutral
tr1076,вуху!!!этот Новый год был крутым!),positive
tr1077,Уличная преступность и алкоголизация - Общество - Интерфакс,neutral
tr1078,в УдГУ надо,neutral
tr1079,"друзяки))) давно.... 
ай лаффф ю)))",positive
tr1080,Это была офгенная треня!^_^,positive
tr1081,"Никому не стоит извенять себя для чужого. Те, кто заботился о тебе, могут принять тебя в прежном виде.",neutral
tr1082,безумно красивые свечи..посмотри.,positive
tr1083,Прогресс ?,neutral
tr1084,"Давно ВЕСНА, а ты на лыжах )))))))",neutral
tr1085,Вы опять замутили треугольник?=)) делать не хуй что ли стало?,negative
tr1086,"""О"" это ок👌",neutral
tr1087,"Будь с теми,кто заставляет улыбаться",neutral
tr1088,"Я рад, что тебя встретил, хоть не искал особо,
Ты не подарок, конечно, но для меня особенная,
Хороша по-своему а главное - моя,
Ты плюс я - любовь, не как иначе.",positive
tr1089,"Мну всегда представляетсо что то подобное , когда ты из себя злого строишь...))",neutral
tr1090,"было ужасно весело.. смотрим видео с 6-ой минуты, я солнышко)",positive
tr1091,Вот вам и толерантность. Ужасающее ДТП - Приколы на ЯПлакалъ,neutral
tr1092,Лучшие друзья! Коллаж создан здесь:,neutral
tr1093,Блондиночка в самом начале самая нормальная=))) а ваще там все телы клевые=))),positive
tr1094,здесь еще молодой,neutral
tr1095,"я буду пропадать.это не значит,что я вас больше не люблю",neutral
tr1096,Интересная запись попалась на глаза. К чему бы?,neutral
tr1097,"Смотрю фильм ""Я плюю на ваши могилы"" ВКино.",neutral
tr1098,"Люблю суши и ролы!!! Мммм, вкуснятина!!! 😍😍😍😉😄",positive
tr1099,"Мир обуреваем гордыней, все хотят быть юту!",negative
tr1100,🌻 Красивые Открытки:,neutral
tr1101,Девичник подруги)),positive
tr1102,Максимальный уровень дружбы),positive
tr1103,Ахахахахх)))))),positive
tr1104,"И ДАЙ ВАМ БОГ ТОГО ВДВОЙНЕ, ЧЕГО ЖЕЛАЕТЕ ВЫ МНЕ!)",neutral
tr1105,"опять этот кондом путлер. Путлер ты убийца, готовься к расплате пидорок",negative
tr1106,не надо меня поздравлять с сегодняшним праздником я мусульманин))),neutral
tr1107,меняю часы(мои) на дождевики,neutral
tr1108,"Тот, кто уезжает - ему всегда легче,проще. Потому что тот, кто остается все время находит за что ухватиться: вот эти же улицы, но в них нет этого человека, вот ваша песня, но ты не знаешь слушает тот человек или нет, не будет больше никакиих сообщениях, совместного смеха. Уехавший всегда знадет чем заняться в другом городе, а ты так и будешь сидеть в пустоте и думать о том ""кому я теперь нужен"".",negative
tr1109,_))давай братан,positive
tr1110,Хомячки так забавно бесятся из-за идиотской стены)) Вот блин заняться нечем больше..да в топку этот контакт. Я за живое общение в аське и скайпе),neutral
tr1111,Ты очень добрая. Когда-нибудь тебя это убьет.  - Игра престолов.,neutral
tr1112,"твой голос мммм
в трубке телефона
он такой...",positive
tr1113,"""Эсеры"" начали сбор подписей против создания Росфинагенства - новость из рубрики Происшествия, актуа",neutral
tr1114,Отправь ответ &gt;&gt;&gt;&gt;,neutral
tr1115,коту шапку повесили сцуки((((,negative
tr1116,Чем заняться в ближайшие 9 месяцев?,neutral
tr1117,"WANTED!!!

Друзья, кто хочет попробовать силы в PR или сделать новый карьерный виток?) Очень-очень разыскивается креативный PR-менеджер с железными нервами для работы на интересном (не без сложностей))) проекте :) Опыт работы с глянцем приветствуется!
Испытательный срок - 2 месяца. ЗП обсуждается индивидуально, в зависимости от опыта. Все подробности по почте info@iands.ru

ПС За репост +100500 к карме)",neutral
tr1118,Boeing 767 имени А.С.Пушкина...,neutral
tr1119,кому что нужно из матерьялов,neutral
tr1120,"Что скажешь?

сюда залил еще их видео и аудио.",neutral
tr1121,Я бы пошел..если бы не четыре пары.,neutral
tr1122,"Хватит мне нервы трепать. Определись. Пошли меня нахуй и радуйся жизни, или же пошли нахуй всех остальных и порадуй меня.©",negative
tr1123,"Welcome back , Карелия :) -26 , температура  настоящей зимы :3",positive
tr1124,"Прошу обратиться ко мне: ""Богов"" Фотошопа; Программистов-недоучек; ""Геймеров"" (задротов).
Работа есть (оплата - тоже), так что - ""вперед и с песней"" :D)",neutral
tr1125,"все в детстве боялись сказать
родителям, какой долг на
телефоне.
ДА БЛЯТЬ Я ДО СИХ ПОР БОЮСЬ",neutral
tr1126,Начало охрененное.,positive
tr1127,"Вчера нашла в почтовом ящике пустую упаковку из-под жвачки и использованный презерватив в упаковке. Могли бы хоть ""резинку"" не портить, гады.",negative
tr1128,скоро будем в бердске день танкиста отмечать),neutral
tr1129,На хабрхабр выкладывают фото своих рабочих мест. Иногда интересно. Решил поделиться видом своего рабочего стола. :) Предлагаю в коментариях поделиться своими столами.,neutral
tr1130,"Изменяясь, мы сохраняем лучшее в себе. Познавая новое, мы остаемся верными традициям!!!",neutral
tr1131,"как вы думаете в 4 части assassibs creed умрет хтото из героев, этот опрос для игроков assassins creed",neutral
tr1132,"завтра приезжаю! доомооой))
сеструхи! ждите",positive
tr1133,БЛЯ! заебалооооось!!!! нужен отдых)),negative
tr1134,Крайне убогая подделка... как вы думаете кто подделку сделал? =D,negative
tr1135,Бывший воронежский участковый рассказыват о МВД в статье для РР:,neutral
tr1136,Кто круче?,neutral
tr1137,"Друзья мои, прекрасен наш союз!
Ответьте на опрос, очень поможете!
RT!",neutral
tr1138,с тебя КЛИП...,neutral
tr1139,тебе понравится),neutral
tr1140,адский лабиринт)),negative
tr1141,Что-то не спится мне. Взял с собой все зарядки и ушел в поисках места дислокации до самого утра.,neutral
tr1142,Я самый плохой. Я всегда во всем виноват. Я никого не ценю. Я плохо отношусь. Я делаю все не так. Я слышу только себя. Да пошел я.,negative
tr1143,"И, улыбаясь, мне ломали крылья, 
Мой хрип порой похожим был на вой, 
И я немел от боли и бессилья 
И лишь шептал: ""Спасибо, что живой"".",neutral
tr1144,Тюлень на рыбалке,neutral
tr1145,Позорище какое,negative
tr1146,"Только когда остаешься один, задумываешься о многом.",neutral
tr1147,Я тебе это пела пока мое серце не началось биться быстрее от.........того кого увидела спустя пол года.......,positive
tr1148,блин а у всех же было)),positive
tr1149,"Акссесуары | Ремонт «Apple» в Минске
Александр Фадеев",neutral
tr1150,Я всегда буду рядом,neutral
tr1151,"""Подвергните эту книгу научному анализу. Принесите в лабораторию, откройте на 23 странице и под углом в 18 градусов в инфракрасном излучении проявится надпись - ""Перед прочтением сжечь""(о. Андрей (Кураев) - из ответов на вопросы)",neutral
tr1152,дежурные актеры Кустурицы),neutral
tr1153,"news.ngs.ru/more/482637/ Так-то нормально пацан парконулся, че...",negative
tr1154,Это раздельнополые не достаточно для вас,neutral
tr1155,А вот и первая в моей жизни официальная аккредитация :) @ Парк Легенд,neutral
tr1156,"Я помню, что, когда вышел фильм ""Халк"", я так и сказал кассирше: "" 2 билета, нахалка""",neutral
tr1157,"Даже чай в поезде за Динамо ) 
Ждем победу в суперкубке⚽🏆",positive
tr1158,"Новая брутальная тренировочная сумка ""Animal Gym Bag""! Супер-прочный брезент, большая вместимость, 2 кармана (фронтальный и боковой), лямка через плечо, вышивка логотипы Animal. 

Сумка сама за себя говорит, что ты тренированный прохимиченный бык! Будь в команде Animal!",neutral
tr1159,Научитесь дышать счастьем. Оно в воздухе. Оно в мелочах! #дача,positive
tr1160,"они и так были чемпионами по идиотским текстам, но здесь они превзошли сами себя!)) слушайте припев)",negative
tr1161,"Второй куплет зацепил нереально, советую всем послушать, тречек!!!Есть над чем задуматься на самом деле!!!",positive
tr1162,Понтовая Юлька)),positive
tr1163,"А сколько среди нас мужчин, в минуты гнева, хотя бы просто не повышают голос на своих мам?!...",negative
tr1164,Саундтрек к фильму Чернила / Ink,neutral
tr1165,"Посвящается Ксюше Тарасевич:  

Между нами разница - семь лет,
Но с годами тоньше эти грани.
Мы взрослеем...(Не стареем, нет!😊
И поэтому друг к другу больше тянет.
Я знаю, нелегко найти таких, как ты, ДРУЗЕЙ.
Ты согреваешь сердце мне
улыбкою своей!
Всегда стараешься понять, утешить, подбодрить.
Печаль и радость ты со мной готова разделить.
Тебе доверить я могу заветные мечты...
Мне очень-очень повезло, что у меня есть Ты!",positive
tr1166,"Запомни ты нужен тем, кто первый пишет и звонит. Остальные плевать на тебя хотели.",negative
tr1167,"Я узнал а ""Какое ты животное""",neutral
tr1168,"Стафик, 2 месяца )))",neutral
tr1169,"Люди с хорошим вкусом, откуда вы черпаете музыку? Поделитесь кусочком пирога, а?",neutral
tr1170,"ебать лох,я ебу=)",negative
tr1171,"Операция прошла успешно. 😊 
Пациент передает всем привет и спасибо.
Следующая операция в начале следующей недели.

п.с. Аппетит у человека проснулся зверский. 😉",positive
tr1172,Маникюрчик Оличке!,neutral
tr1173,"Так будет выглядеть стадион ""Зенит"" на Крестовском",neutral
tr1174,"Не пью, не курю.",neutral
tr1175,Соскучилась!!!♡♥♡,positive
tr1176,Расти Бицуха! Расти!,neutral
tr1177,класний день,positive
tr1178,борьба на пальцах;),neutral
tr1179,Сезон открыли!,positive
tr1180,Ассаи ОМ вполне можно считать альбомом года! Хотя еще подождем Alai Oli Satta masagana,positive
tr1181,Студия UpGrade-Records предлагает Вашему вниманию долгожданный  кавер на всемирно известную песню The Show must go on! Очень ждем от вас комментов! Всем приятного прослушивания!!!),neutral
tr1182,а мне жена сына родила ),positive
tr1183,Часть первая),neutral
tr1184,ой! щекотно,neutral
tr1185,А еще я иногда и работаю.,neutral
tr1186,Вспоминая Курехина. Прекрасные комментарии Дмитрия Ухова и Сергея Летова. Я тут тоже брякнул пару слов.,neutral
tr1187,Хана. Экзамен был напряжным... Гребана керя...,negative
tr1188,"Катюня, ну что ты стену все удаляешь и удаляешь?!...",negative
tr1189,"я вас люблю как булку с маслом,вы мне дороже трех конфет!!!но как увижу Вашу рожу, простите тянет в туалет!!!!! (ПРИЗНАНИЕ)))))))))))",negative
tr1190,Ложись спать!,neutral
tr1191,Я решил попробовать свои силы в софт дивизионе(облегченная экипировка)-задача была выполнить норматив Мастера спорта этой федерации и она была выполнена.Результат-жимовое двоеборьев в весовой до 100 кг-жим штанги весом 235 кг на раз и 150 кг на 27 раз-1-ое место в ветеранах и 2-ое место в открытой возрастных группах.,neutral
tr1192,"София
какой ты молодец!))
15.05.13 
я ушла в царство морфея.доброй ночи",positive
tr1193,"Джонни Д стоило посмотреть, хотя бы из-за операторской работы.",positive
tr1194,"Мир узнал о этой гениальной женщине-фотографе только после ее смерти. Вивиан Маейер стала широко известна после обнаружения ящиков пленки в ее гараже. Интересную судьбу Вивиан и ее красивые среднеформатрые карточки можно посмотреть в фильме ""В поисках Вивиан Майер"". Интересный стрит прошлого века!

А еще она любила селфи! Так что вот вам известное селфи!",neutral
tr1195,"наверное хватит думать сутками о человеке, который не задумывается о тебе даже на секунду...",negative
tr1196,"Скучаю по тебе, маленькая(",positive
tr1197,меняю палочку на изумруд орех и кленовый ваш торг,neutral
tr1198,ну так то да),neutral
tr1199,"До Нового года осталось 6 часов 29 минут, а я все никак не закончу с уборкой:)",neutral
tr1200,#ШерлокЖив,neutral
tr1201,"о, появилась...)))",neutral
tr1202,"День Валентина.. группа ""М.А.А.А.РС)))))))))",neutral
tr1203,Это очень круто))),positive
tr1204,Во еще нашел_)))))),positive
tr1205,Присоединяйся к нам в приложении ФотоФания!,neutral
tr1206,Вот я нашла твое фото !!!! Ахахах =))) Сходство 100 %%% =))),positive
tr1207,"Был на 3 собеседованиях. И разговор во всех примерно один и тот же: ""в вакансии стоит ЗП 30000 руб, но предложить мы можем 25000 руб., белая только 12000 руб. Отпуск будет 3 недели в году, а не 4, но в договоре будет 4. Придется задерживаться, но оплачивать это никто не будет. Рабочий день с 9:00 до 18:00, но директор приходит к 8:00, поэтому лучше приезжать к 8:30.""

Очень хотел спросить, а не должен ли я уметь собирать сахарный тростник и знать песню негров из ""Рабыни Изауры"".",negative
tr1208,"Я тебя когда-нибудь обижала, мразь?",negative
tr1209,Посвящено ОНЕ,neutral
tr1210,Ахаа ТАААААААААСЬ :D,positive
tr1211,Офицально дядя Саша!))),positive
tr1212,"Выдали вещи, сейчас поедем в суд",neutral
tr1213,Активный отдых),positive
tr1214,"Словом можно убить, слвом можно спасти. Словом можно полки за собой повести. 

как ты понимаешь эти строки..и желательно с примерами...",neutral
tr1215,"ТЫ ХОРОШИЙ,МАЛЕНЬКИЙ МОЙ ЧЕЛОВЕЧИК!!!",positive
tr1216,Что Охлабыстин употребляет??? Его кроет и гребет все сильнее и сильнее...,negative
tr1217,тише сделай ;) и выздоравливай!)),neutral
tr1218,Однако!)Тем ли я занимаюсь?),neutral
tr1219,"ЛЮБИМЫЕ ОДНОКУРСНИЧГЕ!
ПОДСКАЖИТЕ ВО СКОЛЬКО ЗАВТРА ТЕСТ ПО БУ И ВО СКОЛЬКО ЗАВТРА ДКБ И ЧТО НА НЕМ БУДЕТ И ЕСЛИ ЗАВТРА ЧТО ТО ВАЖНОЕ АМЕЧАЕТСЯ ПОДСКАЖИТЕ ЕСЛИ НЕ ТРУДНО!
<3",neutral
tr1220,Поход в библиотеку)),neutral
tr1221,За несколько дней до выборов... (из личного архива Ильи Новикова),neutral
tr1222,даунам не понять!,negative
tr1223,"Зависть берет от таких зеленых футбольных газонов, как у Порту...
как их потом в Лужниках принимать...))",negative
tr1224,"вот,как и обещала..))",neutral
tr1225,Я оценила твою сексуальность. Посмотри ответ здесь:,neutral
tr1226,Самый счастливый день в жизни!!!!!!,positive
tr1227,"Маме на радость, папе в награду, ты появилась на свете - отрада! Малыш несмышленый, пуговки-глазки, тебе все внимание, заботы и ласки!!!",positive
tr1228,"Ориентировочная дата выхода Шерлок 4 сезон декабрь 2014 года (на Рождество).
Твою мать....",negative
tr1229,Мой результат теста: Сколько у вас будет детей.,neutral
tr1230,пне ужастно скучно ((( чего делать,negative
tr1231,"кто активно пользуется скайпом, можно получить бесплатный премиум аккаунт стоимостью 72 евро

тут заказать ваучер: 

тут ввести код, авторизовавшись: 

Обязательно проверьте не включена ли услуга автопродления премиума, и отключите ее:",neutral
tr1232,Наш выпускной✨2016,positive
tr1233,вот всегда так.. тока спать собирусь... так кто нибудь зовет гамать..,neutral
tr1234,"Котики, все готово! Завтра жду вас!
И не забываем, что я все еще в халатике:)",neutral
tr1235,Как отгадать загадку сфинкса?,neutral
tr1236,я ебал эту несправедливую жизнь...,negative
tr1237,А ты побрился?,neutral
tr1238,Правда ли?,neutral
tr1239,"eсли вaшa дeвушкa постоянно вынуждeнa дeлaть пeрвыe шaги, то однaжды онa прошaгaeт мимо.",neutral
tr1240,"по снегу, летящему с неба...",neutral
tr1241,Снова моя картинка здесь ^~^,neutral
tr1242,если понравитса отпешысь!!,neutral
tr1243,Мои красавчики😽,positive
tr1244,Краски жизни,neutral
tr1245,мой порядковый номер вконтакте 37953. а у вас?,neutral
tr1246,Ты все понимаешь.,neutral
tr1247,Дорогие друзья-Киевляне! Нужны доноры для переливания крови (Первая отрицательная) Вячеславу Бондаренко  #Славентий  С ним все гуд Идет на поправку но кровь нужна),neutral
tr1248,"Все жизненные проблемы похожи на шахматные этюды, и многие из них тоже решаются матом в три хода.",neutral
tr1249,Сэм Тайлер Вернулся в 2009-й,neutral
tr1250,а как те эта?)))),neutral
tr1251,Ачто в четверг?,neutral
tr1252,Проект X: Дорвались на FS.UA,neutral
tr1253,"блин всю ночь на кухне просидел)))) 
долбаный кофе",negative
tr1254,хорош выебываться детка мне насрать,negative
tr1255,"Люди у меня к Вам один вопрос:""Почему все мужики лицымеры и козлы?"" Извените если кого то обидела,но это истенная правда!Я хочу услышать Ваше мнение.",neutral
tr1256,Аааа!!! Очень четко и прям в тему!!!! Вот такие ребята в Saint-P,positive
tr1257,"Катя и Ира  , вы мои лучшие перделки!))))",positive
tr1258,"И Райан Гослинг в роли Уолта Диснея в новом фильме Рона Говарда (он еще ""Игры разума"" снял).",neutral
tr1259,ХОМЯЧОК НЕ МОЛЧИ,neutral
tr1260,Да ты на мою стену посмотри=)),neutral
tr1261,"Как дела, дорогой ? Скучаю))))))))))",negative
tr1262,Вокруг непроглядный туман,neutral
tr1263,Мой МГУКИ ❤,neutral
tr1264,"какая же классная игра получилась...

Встреча Геральта и Цири и возвращение Цири в Каэр Морхен",positive
tr1265,#Экстрим #парк,neutral
tr1266,"Чего-то хочу, но не знаю кого...",negative
tr1267,какая девочка крачивая.....,positive
tr1268,"У верта было так много дней рождений, что он уже не хочет празновать очередные))",neutral
tr1269,Лерусь что эта за самураи на стенке?),neutral
tr1270,куда поехать на январские праздники7),neutral
tr1271,Зацените мой фотостатус!,neutral
tr1272,Работа сутками это жесть),negative
tr1273,"мне кажется, уместнее будет
""Игорь love Лиду Кравченко""",neutral
tr1274,ВОКРУГ НАС ОДНА ПИЗДЯТИНА...ТАКИХ ОВЦ НАДА ХУЯРИТЬ....ПИДАРЮГИ...,negative
tr1275,"Мы, Метавер, выиграли тендер еще на две потанинские школы, ура!",positive
tr1276,"Дело было в Красноярске. Группа гопников отдыхала на берегу озера рядом с компанией геев.
Ну конечно же не могли подвыпившие гопники оставить без внимания стильных геев.",neutral
tr1277,"Как же хочется купить и прочитать книгу "" Режим Бога "" такое кстати название интресное как и "" Zona Icnignita """,positive
tr1278,Нашему сладкому пупсику целый ГОД!!! :)))),positive
tr1279,Битва Титанов!,neutral
tr1280,Чем заняться в воскресенье? Дождь обещают.,neutral
tr1281,"Что означают точечки напротив друзей, когда поиск нажимаешь ?",neutral
tr1282,Снегопад в Кейптауне (13 фото+ видео),neutral
tr1283,"Кто б еще за меня идеологию сдал.. Бред на тупую зубрежку, я так не умею(",negative
tr1284,"Кто есть в foursquare, напишите как вас найти. Интересно посмотреть кто где бывает)",neutral
tr1285,"я неадекватный, пьяный и обкуренный в нахуй))не обижайтесь, если че и поддержите тему если вы в теме xDDананангагагахахаха_))))) ееееееббббббббаааааааааааатттть как прет))",positive
tr1286,ммммм как ето мило:*,positive
tr1287,"Колян,от нас не скроешься,да!))))",neutral
tr1288,куплю жетон,neutral
tr1289,Привоз - рыбный ряд,neutral
tr1290,"Максим, я хочу напоить тебя этим коктейлем! Узнай, каким - здесь:",neutral
tr1291,В каждом из нас есть частичка Тп (с),neutral
tr1292,читай личку!!!,neutral
tr1293,уволили  так уволили)),neutral
tr1294,Только у футболистов самые красивые девушки ©,neutral
tr1295,"Мы ищем редактора, который вольется в дружную команду [club16545395|ВКурсе]. Требования к кандидату: опыт написания журналистских текстов, представление об SMM плюс интерес к тому, что происходит в социальных сетях. Пишите в личку.",neutral
tr1296,Лерчик курит?,neutral
tr1297,Балуешься опять ?,neutral
tr1298,Очень плохо((((( заболела(((( обидно.....,negative
tr1299,урааа!!! пятерка!,positive
tr1300,"Филюша,что стряслось?почему жопец-то? :D",neutral
tr1301,Игорь Растеряев-Казачья песня,neutral
tr1302,"Делайте что хотите, вас все равно будуть осуждать до конца жизни...■",neutral
tr1303,"Ух ты, здорово! Надо будет поскорее доделать новый ролик.",positive
tr1304,"даже после твоих выебонов, так и тянет к тебе. 😌",positive
tr1305,Победители))),positive
tr1306,Ты всегда впереди!!!!!!!!! не зависимо от плевка))))))),positive
tr1307,"Мы с тобой как одна семья бро - ты маленький, я большой бро :D. Люблю тебя очень сильно *** Смотри не встревай в неприятности без меня  там ок? :D))))) Люблю****",positive
tr1308,"Друзья, сегодня (16 июля, суббота) я выступаю в дегустационном зале (пивнушке) на Литвинова 38 а. Приходите к половине седьмого, будете мне мелочь в чехол кидать",neutral
tr1309,это мой друг)!!!,positive
tr1310,Узнаешь? ),neutral
tr1311,"девченки, не убеждайте меня бросить турник, все равно после выздоровление продолжу занятие турника)",neutral
tr1312,А ЭТО ТЕБЕ!,neutral
tr1313,только тут ошибочка!правильно..забавная!),positive
tr1314,"Марта Ткачик, МиниТест «Кто ты из кухни на стс? » показал результат ниже. Много других тестов здесь - VK.com/minitest",neutral
tr1315,"С ними всегда можно и подурачиться и тебе не скажут ""Ты же взрослый веди себя прилично "" )!!!!!",positive
tr1316,"Друзья, летом планирую смену машины! Интересно ваше мнение, что Вы думаете по этому поводу! Выбрал для себя 3 варианта!(Если не сложно,  аргументируйте тот или иной вариант)",neutral
tr1317,"Ура, Я подстрелил Зайца!. Собрав их 20 штук, можно обменять на+1% рейтинга!",neutral
tr1318,"я не хочу в это верить, это сон.. разбудите меня 1 июня.",negative
tr1319,еще одна))),neutral
tr1320,все ништяк!,positive
tr1321,"Человек, который вам не пишет, может любить вас больше тех, кто строчат поминутно...",neutral
tr1322,"Это чтобы ЕС не дергалось с Южным потоком, а быстрей строило.
А трубу украинскую вообще ПЕРЕКРЫТЬ!",negative
tr1323,На тебе воспоминания))),neutral
tr1324,Ахуенний статус! БРАТАН!,positive
tr1325,Законченная графика.,neutral
tr1326,"[id83350680|Елизавета], в этом очень тяжело не признаться)",neutral
tr1327,где банды повстанцев ? где банды повстанцев ?     Вуааалллаххххтаметттааа !!!!!!!!!!,neutral
tr1328,"Это я на хоке мне здесь 9 лет

фото зделано репартерами я не вру",neutral
tr1329,мои самые любимые*,positive
tr1330,"Самое милое видео,только для тебя 😂😂😂",positive
tr1331,Финансовый управляющий помогает простым людям освободиться от долгов,neutral
tr1332,"я их начал уважать, надеюсь в полуфинале Барсу накажут. Буду очень сильно переживать за Челси",positive
tr1333,И это мы еще не приехали в ресторан.....,neutral
tr1334,ты сладкое любишь?,neutral
tr1335,"к посту ниже - можете кидать свои треки в каменты, будем дополнять плейлист!",neutral
tr1336,"""Плохие парни, плохие парни,
 Че вы будете делать,
 Когда они придут за вами?

Плохие парни, плохие парни,
 Че же вы будете делать,
 Когда за вами придут?""",negative
tr1337,Савдебный клип,neutral
tr1338,"Друзья, давайте обсудим, если ты ненавидишь своего друга, потому что, он мудак, что делать?))))))))))",neutral
tr1339,Новый Шедевр,positive
tr1340,"Ты же, паразит, играть не умеешь!!!... чего народ то смешить фотографиями...!)",negative
tr1341,Если конкуренты снизят сильно цену и уронят качество.,neutral
tr1342,"МИЛЫЕ ДЕВУШКИ ОГРОМНЫЙ ВЫБОР ТОВАРА, 
ОТПРАВКА 4 РАЗА В НЕДЕЛЮ, 
ДОСТАВКА НОВОЙ ИЛИ УКР ПОЧТОЙ
ПОСТОЯННОЕ ОБНОВЛЕНИЕ ТОВАРА И АКЦИИ!!!!!!!!",neutral
tr1343,рагули погуляли в оплоте,neutral
tr1344,просит у тебя Шприц для достройки своего здания!  #zombieg,neutral
tr1345,мой диплом,neutral
tr1346,"Не совсем ясно, почему главную поповню нужно ремонтировать за счет средств московских налогоплательщиков? Наглость, с которой в последнее время, бородатые жулики запускают свои ручонки в государственный карман, переходит уже все мыслимые пределы терпения.",negative
tr1347,"не хватает любви, тепла и романтики? 
на
 raz.z0r.de/L/z0r-de_3814.swf",neutral
tr1348,"[club67447845|Вежливые люди]
 
 Год назад #ГодВежливых",neutral
tr1349,Морские котики,neutral
tr1350,"Для наших деток,классная колыбельная!)))",positive
tr1351,"У меня острый трахеобронхит. В принципе, ничего страшного, прописали обычные антибиотики, десятидневный курс, все стандартно. 
Только вот теперь НОВЫЙ ГОД БЕЗ АЛКОГОЛЯ. Одна история охуительнее другой просто.",negative
tr1352,"Вот этот бит стоит 4600, цени",neutral
tr1353,"Обещание выполнила,пожалуйста... =))",neutral
tr1354,"Итогам парламентских выборов были сегодня посвящены многотысячные митинги в центре Москвы - Первый канал.

В общем, все хорошо.",neutral
tr1355,"Таак, а где выпуск в 20.30?) И вашпе, куда дели Виталия Плужникова(не видно 3-ью неделю уже) ?)
А? Кто мне ответит??))))",neutral
tr1356,"Моя любимая доченька закончила первый класс, написала все контрольные на ""5"". Поздравляю малышка!!! Умничка)))  Веселье, лето, вечеринки начинаются!!!",positive
tr1357,"Интересно, в Скайриме многоженство не запрещено?..",neutral
tr1358,Я и мое милое солнце))*****,positive
tr1359,"Первые впечатления были обманчивы , она такая как и все!_",negative
tr1360,Эта песня ассоциируется с тобой :*,positive
tr1361,Штабы вражеской армии,neutral
tr1362,ВОТ ЭТО НОЧКА БЫЛА....,neutral
tr1363,"Я люблю суши 
Мне15 
У меня есть братик",positive
tr1364,"Вчерашний фестиваль. Было дождливо, но это придало мероприятию лишнюю романтичность)",neutral
tr1365,"А в каком месяце родился ты?

Май

Очень
сексуален-любит это дело. Активный и динамичный. Решительный, но часто 
сожалеет о своей горячности. Привлекательный. Сильный менталитет. Любит 
внимание. Дипломатичный. Утешает людей, и решает их проблемы. Смелый и 
бесстрашный. Обычно у него много друзей. Эмоциональный. Упрямый. Хорошая
память.",positive
tr1366,пикча недели,neutral
tr1367,Я люблю свою  мамулю =)),positive
tr1368,Я теперь младший научный сотрудник =),positive
tr1369,"Уясните раз и навсегда, что характер вашей Женщины - это отражение вашего к ней отношения. Для непонятливых: это не она стерва, это ты - МУДАК !!!",negative
tr1370,Про неправильные песни,neutral
tr1371,автобус толерантности,neutral
tr1372,что вчера было?,neutral
tr1373,Лучшие из лучших 2013,positive
tr1374,аааааааааааааааааааааааааааааааааааааааааааааааааааааааааааааааааааааааааааааааааааааааааааааааааааааааааааааааааааааааааааааа нету денег на телефоне,negative
tr1375,кто хочет за 3 дня на 3 заработать 28 000 ? Работать надо маляром.,neutral
tr1376,Открыл сезон 2014 ),neutral
tr1377,венгры 1939.в этом городе я живу,neutral
tr1378,"ОН ТОТ,про кого Я некогда несмагу сказать ''бивший''...",negative
tr1379,"Сижу на физике. Собираюсь открыть КИМ. И тут вспоминаю кота Шредингера. Как только я открою конверт, определится одна из сотен возможных вселенных со своими вариантами заданий. Мдаа..",neutral
tr1380,хотелось бы таким дзюдо заниматься),positive
tr1381,я ниче не поняла:),neutral
tr1382,В начале церковного года невольно начинаешь задумываться о многом. О вечном и временном. О правильном и ошибочном. Об истинном и лживом. О радостном и грустном... и есть ли смысл вкрнтакте?   Совсем неочевидно! ))),neutral
tr1383,сучька ты Машка!!!,negative
tr1384,"ЧТО ТЫ БУДЕШЬ ДЕЛАТЬ, ЕСЛИ УВИДИШЬ, ЧТО CОФИЯ ТОМАШЕНКО СТИРАЕТ ОТПЕЧАТКИ СВОИХ ПАЛЬЦЕВ С РУКОЯТКИ ТОПОРА?

она помогала Анастасии Макеевой делать блюдо ""подруга в мундире""",neutral
tr1385,и неожиданно для себя оказалась в полном одиночестве,negative
tr1386,Для королевской особы. ))) 6 кг.,neutral
tr1387,"Е465,Е475,Е437,Е458-это все консерванты,которые есть в Кока-Коле,причем Е437 опасный для жизни(",negative
tr1388,Ахуительно пара проходит ахахах))),positive
tr1389,"Сеть пунктов самовывоза товаров ""Blizko"" ищет интернет-магазины для выгодного сотрудничества!По всем вопросам,пишите в л.с.!Делая репост, Вы помогаете молодой компании и ее создателям развивать экономику страны!:) Спасибо!",neutral
tr1390,"Близнецы, это лето изменит многое в вашей жизни.",neutral
tr1391,пати у Жени на хате,neutral
tr1392,"Класс,обожаю котов",positive
tr1393,шантажист)),neutral
tr1394,"Как же много людей мне видимо завидуют... чем больше вы меня ненавидите и пытаетесь унизить чирб выглядеть круче среди своего ущербного круга общения, тем больше вы делаете меня ""круче"" и ""популярнее"". поймите же это, не школьники ведь давно уже) было бы бля чему зауидывать не пойму. вы сами мне создали популярность из серой мыши, когда я сидел и никто меня даже не замечал. теперь бля разве что псина какая из другого конца страны не слышала на устах мою фамилию. заебали с черным пиаром, злые завистники. я простой парень как и все простые ""серые"" ботаны за соседними партами. не раздувайте) 
Вы сами все сделали.",negative
tr1395,Тронуло очень...,positive
tr1396,"может я не с этой планеты?? почему я не могу многое понять и смириться?? почему я не могу просто молчать? молчать и терпеть. закрыть глаза и представить, что все хорошо.
черт. никому не нужно это мое унылое гавно из головы. молча. нужно учиться жить молча. и, главное, не думать. не думать...думать не...",negative
tr1397,Мы сделали это),positive
tr1398,"Почему Вкрнтакте нет кнопки ""Подтвердить, что я отсутствую на этой фотографии!?""",neutral
tr1399,"Книга Гитлера ""Mein Kampf"" может быть переиздана в Германии через 5 лет",neutral
tr1400,завтра буду меняться,neutral
tr1401,"Это. Я аккуратненько еще раз торгану - вдруг кто-то, кому теоретически было бы полезно, наши сабы еще не юзает. Все шесть вышедших серий в вашем полном распоряжении.",neutral
tr1402,Прогнулись под давлением и санкциями. Тьфу...,negative
tr1403,мисси-крутая),positive
tr1404,GRID #1 Начало прохождения,neutral
tr1405,"блин, так жизненно",neutral
tr1406,катю никто не понимает,negative
tr1407,НУ ЧТО ДАВАЙ СЕГОДНЯ В ХЛАМ!?)*,neutral
tr1408,"американский пирог,все в сборе!сходи,не пожалеешь!)",positive
tr1409,Сегодня получил студенческий ),neutral
tr1410,"Эльбрус и Чегет - ждите, скоро я все это увижу))",positive
tr1411,"моя подруга - моя душа👭💕
я эту душу не продам🙅",positive
tr1412,Утро на берегу Волги,neutral
tr1413,dota 2 - Сегодня уматал всех =D,neutral
tr1414,Кто бы только знал как меня заебала эта зима!,negative
tr1415,Куплю б/у телефон! СРОЧНО!!!Пишите в лс:)не будьте равнодушны!,neutral
tr1416,﻿«Плакать от счастья» на самом деле невозможно.,neutral
tr1417,"Вот на чем надо кататься, Бро)))",neutral
tr1418,Насос больше не нужен...,neutral
tr1419,"#sm2014
День 9.
Бодрое утро всем.
Утреннее закаливание и пробежка прошли по плану. Подъем в 5.45. Сегодня работал на сутках, в обед было два новых знакомства. Купил немного спорт пита, расписал прием и тренировки. Завтра в спорт зал, пробежка в связи с тем что я на сутках тоже будет происходить в спорт зале. Цели еще не расписал. в процессе. ПОМ- выполняется, я бы даже сказал контролируется мною)",neutral
tr1420,"Где вы видели такую кошку, которую бы волновало, что о ней говорят мыши?",neutral
tr1421,"Освистывать Жиркова - свинство, господа националисты!",negative
tr1422,"МЫ ПОРОЙ САМИ ПОРАЖАЕМСЯ НАШЕЙ ПЛОДОВИТОСТИ. Справедливо посчитав, что Арт-Хаус как жанр наиболее целостно способен выразить наше видение композиции, следуя неизменным и священным для нас принципам DIY, мы рады представить вам новую работу ""повстанческой студии партизанской самодеятельности"" - клип на одну из наших старых песен.
ВСЮ БИОМАССУ - В БОЙ!!",neutral
tr1423,"Мой сегодняшний букинистический улов. 
Автобиография и альбом Дали, анализ жизни, творчества и идей Достоевского, ""Так говорил Заратустра"" Ницше. 

Это я теоретизирую, что бумажные книги все же более вероятно прочесть )",neutral
tr1424,дыня мята вишня ;D,neutral
tr1425,посты ниже порадовали аххахахахахха,positive
tr1426,"Глупо не общаться с человеком, который тебе дорог. И неважно, что случилось. Его в любой момент может не стать. Представляешь? Навсегда. И ничего не вернешь.",negative
tr1427,Репост если хочешь спать спокойно!,neutral
tr1428,"Не порти впечатление от того, что имеешь, желая того ,чего у тебя нет;помни о том, что когда то ты лишь только надеялся получить то, чем обладаешь сейчас.",neutral
tr1429,Вперед Борисов!  150 тыс. на кону! (моих 150 тыс),neutral
tr1430,гдке твой фотки с выпускгнова???,neutral
tr1431,Вам нужен админ в группу авто  тюнинг,neutral
tr1432,Творческий кризис...,negative
tr1433,"Пожалуйста, стань моей подружкой невесты. Давай играть в Свадьбу вместе",neutral
tr1434,"Срочно!Ищу ""мартышку""!рост-от 160 см, вес- ок 50 кг,тело-стройное,глаза-голубые,волосы-светлые,ноги-не кривые.Кто найдет прошу сообщить!",neutral
tr1435,Слабо погода ахуела,negative
tr1436,статус четкий :) согласна с ним полностью .,positive
tr1437,"иногда хочетса быть комуто нужной,чтобы подошол любимый человек обнял крепко,крепко и сказал что все будет харашо я с тобой",positive
tr1438,"если так получилось что вы решили прыгнуть через костер - кучу горящих бревен вам до пояса, пламя над которыми х@ячит на 2 метра вверх, то не забудьте одеть шапку, запах горелых волос не самое приятное что случается в жизни)))",neutral
tr1439,"C`est la vie в понедельник в 13.00 в академии те, кто в еврофешн!",neutral
tr1440,влад давай едь в Калининград ОТОРВЕМСЯ НА ВСЮ ЖИЗНЬ ЗАПОМНИШЬ )))),positive
tr1441,Вот такой вот денек,neutral
tr1442,Люблю тебя моя единственная****)♥,positive
tr1443,Задай мне вопрос | ask.fm/Gover1488,neutral
tr1444,Двухэтажный жилой дом «напечатают» за 20 часов,neutral
tr1445,"посмотри фильм ""Код доступа ""Кейптаун""""",neutral
tr1446,продам газ пишите в лычку,neutral
tr1447,":)Хочу пожелать всей команде Нюши Шурочкиной выступить без всяки НЮансов с аппаратурой и людьми....Петр Андреевич,Нюша помните о том,что мы всегда рядом и готовы поддержать вас......удачного выступления!:-*(возможно написан бред,но зато искренний)",positive
tr1448,"Почему ,когда ты идешь вечером домой,немного поддатый,тебе хочется написать ей?...",neutral
tr1449,продам дружеские 6 шт на 5 нефти,neutral
tr1450,"1-я не крашеная)
2-не беру может потому,что он у меня выключен?)",neutral
tr1451,еле еле проснулся.......,negative
tr1452,"извени кинул не тот трек
вот тот",neutral
tr1453,"Эстафета #iХудожник от  [id140163144|ЛЕНЫ ЕЛЕНЫ]
В течение 24 часов нужно нарисовать своих друзей))0
Передаю  [id152111464|Линзелю]  и  [id149043043|Потахе**☺ ]
P.s. я старалась.",neutral
tr1454,ахаха блять)),positive
tr1455,"Жизнь пeкрaснa,и похуй что это нe тaк!",positive
tr1456,Празник удался наславу:),positive
tr1457,Давно не пили этот замечательный напиток!!!,positive
tr1458,Обалденная музычка пацаны!!!,positive
tr1459,"В этот момент я рассуждал об итогах опричинной политики Ивана Грозного, а о чем сейчас думаешь ты?,:)( авторские права на фото у Анастасии Зайцевой)",neutral
tr1460,"Неоднократно встречалась с такой системой проката велосипедов в других странах, даже пользовалась. Теперь есть и в Москве, конкретно - на Бульварном кольце. При условии, что будет охвачен весь город, одобряю. Тогда можно будет, например, с работы домой добраться. 
А пока... Где по Бульварному кольцу можно проехать на велосипеде? Выделенных дорожек нет, а пешеходы есть, и в большом количестве. Остается только проезжая часть, но этот вариант - для желающих поскорее расстаться с жизнью под колесами автомобиля/трамвая.
Бульварное кольцо и пешком без проблем преодолевается, коротковат маршрут для велосипедного способа перемещения. 
PS А липы на Цветном здорово подросли за 10 лет.",negative
tr1461,Помниш? :*,neutral
tr1462,Погуляли немного с маленьким мужчиной ☺️👶🍼 @ Новая Малыкла,positive
tr1463,голосуйте за кращого!!,neutral
tr1464,Кстати ! Хотела отметить . Оригинальное платье у Кати !!! :)),positive
tr1465,"ИРКА, давай порадуемся вместе!!!)))",positive
tr1466,"Яхууу в моей книге больше 3000 слов, я крутт!!!!!!",positive
tr1467,"Ара,нашего брата Алхазура задержали",negative
tr1468,хахах) что очень напоминает...,positive
tr1469,"Итак вот два электронейронных всплеска в моем мозгу:
1. По-любому громче всех орут за ввод войск в Украину те, у кого белый военный билет.
2. Уже столько времени в этой стране чехарда, а мы еще не услышали ни одной достойной шутки про сало.",neutral
tr1470,"Безумно люблю
4:00",positive
tr1471,"Сталевары в Индии сожгли своего начальника, испугавшись увольнения",neutral
tr1472,Наконец-то Майкл приехал из глубинки и забрали мерч ),neutral
tr1473,Отпуск. День седьмой. Вьетнам.,neutral
tr1474,Экс-участника «Дома-2» зарезали рядом с домом,negative
tr1475,Завидный жених :),positive
tr1476,ищу приключения,neutral
tr1477,"Квалу отменят, завтра проведут",neutral
tr1478,"забавная тема про взгляд пьяного и то, как все выглядит на самом деле :)
правда я так и не понял, что этим рекламируется",neutral
tr1479,Сорри что долго отвечаю.....Семечки рассыпал))))))Щас всем отпишусь))),neutral
tr1480,ты только послушай,neutral
tr1481,"Кто сталкивался, подскажите!! Че за херня? Второй раз за день. сижу за компом, читаю текст в Опере, и неожиданно... после этого комп реагирует только на кнопку RESET...",neutral
tr1482,Блять опять снег пошел...,negative
tr1483,"как? че вообще,??!!!",neutral
tr1484,Это был чудесный день спасибо❤️,positive
tr1485,Когда очень хочешь закрыть сессию. Нарисовал кто-то из твиттера с ником: EmilliaMorgen,neutral
tr1486,Пора гулять с собакой,neutral
tr1487,Кончайте халтурить - начинайте думать!,neutral
tr1488,"Артем, это реальный случай из твоей жизни?",neutral
tr1489,привет из Кремля!,positive
tr1490,"Родные и любимые бьют больнее других. Они так близко, что промах невозможен.",negative
tr1491,"Медвеедь,ну вот где",neutral
tr1492,"послушай,как тебе?))))",neutral
tr1493,некоторые вещи лучше не видеть.некоторые слова не слышать.некоторых людей лучше не знать,negative
tr1494,Лето пришло:D,positive
tr1495,"Димка, спасибо тебе огромное, все было вообще супер, я тебе честно скажу, я так ни разу не танцевала, как вчера на чемпионате!!!!!!!
Все было просто суперрррр!!!!!",positive
tr1496,Дочь министра сельского хозяйства вошла в пятерку крупнейших землевладельцев России. Ура!,negative
tr1497,"Позвонила подружке на 5 минут
НО ТУТ ПОНЕСЛОСЬ.",neutral
tr1498,"Хе-хей, первые получившиеся блины",positive
tr1499,Кто займет хорошие наушники к плееру на 10 дней?,neutral
tr1500,Мы милые... Красивые… Счастливые… Любим киндеры… Общаемся по ночам… Улыбаемся… Смеемся… Мы вместе… Мы лучшие подруги…,positive
tr1501,Рамсы о нанотехнологиях. Бирюлево Западное.,neutral
tr1502,Что круче:зеленые глаза или карие глаза,neutral
tr1503,"лол)приятно)
критику мне",positive
tr1504,в Калининграде!!!,neutral
tr1505,"психанул , что ли ?)",neutral
tr1506,Ура!!! доча сама встает на ножки))),positive
tr1507,"Денис, смотри! Тут такие сладкие цыпочки, выбирай любую.",neutral
tr1508,вот кто это зделал,neutral
tr1509,"Важные люди у меня в сердце, а не в списке друзей.©",positive
tr1510,"Балаклава термоативна Therm Guard+

Всього 40грн",neutral
tr1511,понедельник:)да уж...ну как у томпонских говорится улыбайся и маши руками!!!:):):),positive
tr1512,Вчера 17.02.2011г. ребята зарегистрировали брак в Гатчинском ЗАГСе.,neutral
tr1513,"ну вот -флажок с американского перекрасили.ну а как все начиналось- а Абхазии я сам лично видел последствия, и с многими абхазами говорил, которые в 90х бежали, и которые там выживали.и как грузины - беженцев при погрузке на корабли у уничтожали.мой знакомый выжил например -только по тому что грузинский автоматчик был его учеником..... и жилые многоэтажки- все в пулевых и осколках",negative
tr1514,"невозможно обижаться на человека,который заставляет улыбаться..*♥",positive
tr1515,"Пришлось найти  фото, чтобы хоть как то показать, почему же  я ближайщие пару дней точно, не смогу купаться в соленой воде.... =) но мне понравилось))",positive
tr1516,"Дудар держись!! 
задроты не спят))))",neutral
tr1517,"Ну как тебе CryZone по картинкам?

P.S. Прости за громоздкость)",neutral
tr1518,"вот на сайте питомника Vesma`s Karalius моя Лолка- почему-то там ее зовут Irma)))) и такая же фотка у И. Лозанской в альбоме ""Любуйтесь-Хлоя""- это не правильно так делать- чужих котят выдавать за своих",negative
tr1519,• Остальная часть здесь ► vk.com/Fotiko ◄,neutral
tr1520,Один из тех моментов предельной ясности.,neutral
tr1521,Каждый узнал бы этого персонажа по кадру из современной экранизации. А как насчет старого мультфильма?,neutral
tr1522,"Та ну еще бы!!!!!!!!Кроваво-красная,так страшнО...!",neutral
tr1523,"Нокиа бессмертна!!! постирала телефон в машине, доставала по частям((через два часа просох и заработал!!!",positive
tr1524,отправлено через ⭐ vk.com/app625457 ⭐,neutral
tr1525,Форма сборной Аргентины в наличии!!!,neutral
tr1526,куда это ты направляешься?,neutral
tr1527,Когда комментирует Черданцев можно просто слушать футбол)),positive
tr1528,Вратарь женской сборной Исландии до 17 лет =),neutral
tr1529,"чем только безумцы не страдают в ожидании инвайтов и обновы)))))
____________
РАСПРОДАЖА НОСКОВ И КОЛГОТОК!!!",neutral
tr1530,"Думаю, пятерка будет...",neutral
tr1531,Последний дом слева. Русский трейлер,neutral
tr1532,"фестиваль Proдвижение, Члб`15",neutral
tr1533,"Скорпионс в Донецке!!! Собираемся и едем! прощальное мировое турне, либо сейчас или уже никогда!!!",positive
tr1534,"Это я, когда вижу твои новые фотки ^^",neutral
tr1535,УДАЧИ НА ЗАВТРАШНИХ СОРЕВНОВАНИЯХ )),positive
tr1536,любимка моя :*,positive
tr1537,Медицина поистине есть самое благородное из всех искусств.,positive
tr1538,Холод или тепло????,neutral
tr1539,"«Велосипедист - бедствие для экономики. Он не покупает автомобиля и не берет под него кредит. Не покупает бензин. Не пользуется услугами ремонтных мастерских. Не страхует «гражданскую ответственность». Не пользуется платными стоянками. Не страдает от ожирения. Да он еще и здоров, черт возьми! Здоровые люди не нужны для экономики. Они не покупают лекарства. Они не ходят к частным врачам. Они не увеличивают ВВП.»",neutral
tr1540,Поддержите пожалуйста меня в конкурсе!!! нажми сердечко и все))) vk.com/photo-41499247_291259148,neutral
tr1541,Малышка на сноуборде :),positive
tr1542,"Анастасия, у меня есть друг, с которым вы хорошо смотрелись бы вместе! Узнай, кто он: vk.com/vlubi",neutral
tr1543,"Сладкиииий,какой же он слааадкий❤😱😍",positive
tr1544,"Банька перед началом трудной недели то,что нужно ♻️💦💨🔥💪🏼",positive
tr1545,"Алена, я нашел звезду, похожую на тебя. А кто похож на меня? Чтобы узнать, заходи в приложение",neutral
tr1546,"счастья. мира. добра. 
p.s. жду - не дождусь каникул.",positive
tr1547,"тебе тоже ""улыбка""!",positive
tr1548,"С 14 апреля повышают тарифы за проезд в городском транспорте!

109. Ц. рынок - РТИ - 3,50
109. (Автобус) - 2,50
Ц. рынок - Стекольный - 3,50
РТИ - Стекольный - 3,00
Ц. рынок - 41 микро - 3,00",neutral
tr1549,Веселый Дешифратор Имени от игры «Любовь» vk.com/love1v#funnyname,neutral
tr1550,"Первое знакомство с лыжами )) @ Тростян, Славське",positive
tr1551,мой кумир детства)),positive
tr1552,запилим пьянку),neutral
tr1553,Серьезный стол!!!!!😎💎,neutral
tr1554,"Лучше иметь тело которое все хотят, чем хотеть тело которое все имеют...",neutral
tr1555,опять чемоданы,neutral
tr1556,"Если у пары не получается родить ребенка, то все-таки им стоит обратиться в клинику или в детский дом? (при условии, что возможность родить генетически своего ребенка еще есть)",neutral
tr1557,Написал колонку про Жанну и Смерть,neutral
tr1558,В кого влюблен? если не секрет?,neutral
tr1559,это из клипа,neutral
tr1560,МЕЕЕЕЕЕЕЕЕЕЕД!!!!!,positive
tr1561,"Вода затопила целую улицу! Друзья, помогите мне, я в долгу не останусь! Нажми сюда ->",neutral
tr1562,Немного переработал демотиватор)),neutral
tr1563,"Ваша статья очень помогла мне, хотя еще не понимаю некоторые, когда использовать Fn1 и Fn2?",neutral
tr1564,"Ура, товарищи!!! Воды отошли!))) Воды чистые, прозрачные, что дает надежду на благополучный исход родов!)))))))))))))))))",positive
tr1565,Я в Китае :),positive
tr1566,немного шоколада),neutral
tr1567,Может побриться? Или похуй...,neutral
tr1568,"Призвал персонажа ""Призрак гробниц Именанд""",neutral
tr1569,"я из тех людей, которые портят и поднимают себе настроение сами",neutral
tr1570,Саранск' 13 проход,neutral
tr1571,Приехали!),neutral
tr1572,На улице в Китае вместо пирожков продают это,neutral
tr1573,"Бывает,идешь по улице и понимаешь что тебе нужно в другую сторону, но если развернуться и пойти назад, то люди подумают что ты дебил.",neutral
tr1574,пора заняться спортом и мозгом,neutral
tr1575,Это можно смотреть безконечно),positive
tr1576,"Это голос,яички:* 
ахахаххахххахахахахаххаахахахахахахахахахахахахахахаххаXD",positive
tr1577,"Все кто желает послушать нормальный рэп и вообще хорошо провести время в теплой дружеской компании могут без особого труда воплотить свои мечты в реальность 
10 февраля в баре Засада (ул. Балонина, 5)

Старт в 18:00

Стоимость входа:
для Парней 100 ru
для Девочек Freе

Полученное удовольствие - бесценно!

НЕОБХОДИМО БРАТЬ ПАСПОРТ!!!",neutral
tr1578,"Применение простое - слушаем музыку раза по 2 в день, если после первого прослушивания побаливает голова - в этом нет ничего страшного-психика перестраивается.)))",neutral
tr1579,Стол для компьютера!,neutral
tr1580,Мы уже здесь!...,neutral
tr1581,[id33736097|Богдан] из будущего Х),neutral
tr1582,"Так оставьте ненужные споры! Я себе уже все  доказал -лучше гор, могут быть только горы, на которых еще не бывал! 💙 💛",positive
tr1583,"от фак...заберите мне кто-то отсюда, куда угодно, но вытащите.... (",negative
tr1584,"Друзья ! 

Мне ОЧЕНЬ ГРУСТНО это писать ... 
НО жизнь так распорядилась ...

PS: Огромное спасибо ребятам [id131528503|Илюхе] и [id32017351| Диману ]",negative
tr1585,Михаил Бондарев - Иван да Марья,neutral
tr1586,"И все, последнее) Это ""Открытка от проститутки из Миниаполлиса""",neutral
tr1587,"Люблю свой порочный город. Город грехов. Город, который никогда не спит. Который никогда не дает почувствовать себя одиноким. Который ненавидишь утром, безразличен к нему днем и просто обожаешь вечером и ночью",positive
tr1588,Иван царевич не просто долбоеб.а с секретом (сказочный),negative
tr1589,Ахаха !!! Скромненько и со вкусом!!! =),positive
tr1590,Новая хотелка,neutral
tr1591,Подготовка к масажу)),neutral
tr1592,тут теплее чем в Москве ^__^,neutral
tr1593,Разгильдяйство наказуемо.,neutral
tr1594,да твой моб телефон проще простого угадать,neutral
tr1595,у тебя же скоро ДР!,neutral
tr1596,посмотри как на тебя похожа_))))))))),neutral
tr1597,И даже в питоне.,neutral
tr1598,#деньзащитыдетей#люблюмоюдевочку😘😘,positive
tr1599,Добегался...,negative
tr1600,Танец Медведева (вырезанный эпизод) Красавцы!!)),positive
tr1601,Укрывайся / Перекатывайся,neutral
tr1602,Все ппц мне настал работаю 7 дней в неделю! xD,negative
tr1603,"Люби хохлов, сука",negative
tr1604,"ты типа меня так подъебал??)))) ""спасибо за видео"" то что я тебе забыл его кинуть чтоль?)))",negative
tr1605,"Черное авто, четыре ярких глаза Парни в адидасе опускают тонировку Ваза © 4'К",neutral
tr1606,"Темный эльф, помоему удачно))",positive
tr1607,"ебать,старая,ну ебучая:))",negative
tr1608,Первое место),positive
tr1609,хочешь такую???*,neutral
tr1610,Я стал еще сильнее. Теперь я 155 уровень! Скоро ни один безумец не будет проблемой для меня.,positive
tr1611,Х А Р А Ш О,positive
tr1612,у влады стульчик маленький :33,neutral
tr1613,"12 июня 2012, работаю на митинге ""Марш Миллионов 2""
by [id7092664|Alena Romastchina]",neutral
tr1614,"Хочу нежности, цветов, шоколада и секса, пошло, зато честно",positive
tr1615,"Театр уж полон, ложи блещут @ Большой театр / Bolshoi Theatre",neutral
tr1616,На встрече-у прокурора за насилие...,neutral
tr1617,Семен на ловле раков )))))),neutral
tr1618,"Все люди, посланные нам - это наше отражение. И посланы они для того, чтобы мы, смотря на этих людей, исправляли свои ошибки, и когда мы их исправляем, эти люди либо тоже меняются, либо уходят из нашей жизни.",neutral
tr1619,"Рекомендую пройти тест: ""Командовать или подчиняться?"" =>",neutral
tr1620,"бред, безумие. схожу с ума.
 по мне психушка плачет.",negative
tr1621,"А в Липецк можно доставить и сколько это будет стоить, допустим заказать хочу red dead redemption. Просто к примеру.??",neutral
tr1622,"блин , ну мэн на авке..))) 

хорош..)))",positive
tr1623,"Привет, Друзья! Представляем Вашему вниманию новый выпуск программы «ДО И ПОСЛЕ ТИШИНЫ», в которой ведущий Роман Касторский рассказывает нам о всех красках чил-аут музыки. На этот раз речь пойдет о немецком музыкальном коллективе TANGERINE DREAM, одаренных изобритателях электронной музыки 70х. www.creativeradio.ru",neutral
tr1624,В этом﻿ ролике прекрасно абсолютно все.,positive
tr1625,"Только сейчас вспомнил что в сопли пьяный купил книжку ""ВЫСОЦКИЙ"" с диском с песнями)))

Книжка отличная) интересная) прочитал всю уже))) вот только ЗАЧЕМ)))",neutral
tr1626,"Предлагаю посмотреть видео ""М Ефремов  Бандерлоги и Великий Пу"" на YouTube",neutral
tr1627,Да пошел ты нахуй,negative
tr1628,йоку офицер. когда домой уже?,neutral
tr1629,Скоро кто-то родится)))))),positive
tr1630,"Мама Люба, давай!",neutral
tr1631,вот та что с большой)ахахах,positive
tr1632,Викуля защитила диплом!!!!!! Урааа,positive
tr1633,"Я тоже так хочу)))) клип, созданный человеком, который посетил 42 страны за 14 месяцев",positive
tr1634,Или подготовка к одному экзамену... :D,neutral
tr1635,"Мы родились -распался СССР,пошли в школу -начался дефолт,поступили в 
универ -стукнул кризис.Закончим универ -конец света.Поколение лохов",negative
tr1636,скажи какой классный))),positive
tr1637,Не ждите чуда. Чудите сами!,positive
tr1638,"Моменты ""Живой Библиотеки-12 июня"" :)
Как же я счастлива, что таки попала на наше летнее мероприятие и что все сложилось именно, как надо, ничего не случайно :)
Я очень люблю этот проект и очень люблю людей, которые заряжают его своей светлой энергией :) Люди, вы прекрасны! :)

Больше фото здесь: vk.com/album-61640433_233494012",positive
tr1639,Купание...,neutral
tr1640,"Пока вы считаете меня доброй няшей,
я мысленно наматываю ваши кишки на люстру.",negative
tr1641,Не ждить чуда чудить сами.,neutral
tr1642,Наконец-то заняли весь офис,positive
tr1643,КУРИЦА ПОПРОСИЛА.,neutral
tr1644,СВЯТКИ! ВСЕ УШЛИ... ГАДАТЬ!!! :),neutral
tr1645,Мне выписали справочку,neutral
tr1646,"Взрослые не матерятся при детях, дети не матерятся при взрослых..",neutral
tr1647,"мне не суждено ни ходить в универ, ни делать курсовую...",negative
tr1648,какой мужчина..!)),positive
tr1649,(01.05.13) 39км по пересеченной местности),neutral
tr1650,"не скажуЮ думай Стасик, думай))",neutral
tr1651,Предание о древни украх))),neutral
tr1652,Мега крутая катка в Руке! Позитив каждый день:)),positive
tr1653,Во вторник за водительскими правами!! Ехуу! Е-е-е! =) Ура!,positive
tr1654,"дурачицца с подругами*_*
Бесценно",positive
tr1655,"д пох на все, играю в дудл джамп",neutral
tr1656,Моя радуга знаменита! :)))) Фото номер 13 :),positive
tr1657,Нам сегодня 2 месяца:)))Мы уже совсем большие:))))))))),positive
tr1658,КоТЕйка))),neutral
tr1659,бросай ленягу. дуй в спорт зал!),neutral
tr1660,"встречаешься сотни людей, а потом кто-то один меняет тебя на всегда...",neutral
tr1661,збс денек был),positive
tr1662,Все будет Заебись Братка),positive
tr1663,на тебе похож),neutral
tr1664,"Он такой же как и все.....но он мне нужен!!!!Потому-что с ним я такая как есть,а он и не пытается меня изменить.......",positive
tr1665,"Ииииху! )) Кстати, такие штукенции можно заказать ) Обойдутся они вам рубликов в 200-250 ))",neutral
tr1666,ахахах твой статус начало,positive
tr1667,Русский дабстеп отакуе,neutral
tr1668,ОСТОРОЖНО МОШЕННИЦА!!!!!!!,negative
tr1669,Смех как тебе?))),neutral
tr1670,у фотографа вчера только день рождения был ))),positive
tr1671,Вынос мозга какой-то,negative
tr1672,"Макс, классная ава! Джими Хендрикс, как- то сказал: ""Я хочу жить на своем острове и слушать, как растет моя борода"".",positive
tr1673,"Ура! Весна пришла весне дорогу)! День всех милых и не очень дам позади)!Еще ближайшие два дня мы будем наблюдать за фотографиями цветов, за моими любимыми фотографиями цветов)!! За этими редкими видами тюльпанов!!)) А мои вот цветочки и подарочки сидят дома и отказываются зафоткаться, так скажем не публичные)))Эх, или я такая не девчонка 21 века))!! Все кто поздравил - спасибо, кто не поздравил - отомщу))!!!  Впереди только тепло, ожидание лета, новые возможности и похудение)))! Ибо -2000 из моего бюджета))! А жаба то душит) Я ж по натуре жадина-говядина))...да и не могу упасть в грязь лицом перед моими товарищами по спору)!! Поняла, что хочу семью, хаски и фруктовую нарезку)...И чтобы все таки те самые сорок кошек ждали по приходу домой))...Ваша бабуля Женя)!",positive
tr1674,тащусь...капееец....,positive
tr1675,"Если мужчина не звонит,он не
хочет звонить.Если он ведет
себя так,как будто ему
наплевать,ему и вправду
наплевать.Если мужчина
захочет с тобой встретиться,поверь,он встретится.Если он
захочет быть с тобой,он с
тобою будет!Все остально- ишь отговорки, услышав
которые,нужно смело
уходить…Ведь,если захочет
вернуть-вернет…",neutral
tr1676,Электрическая грелка со скидкой 50%,neutral
tr1677,"Первая свадьба за всю мою практику, когда деньги важнее воспоминаний. Не думал я что такое возможно и вот оно случилось. Снимал свадьбу 20 июня 2015 в Климово россиянам Андрею Разумному  и его супруге Марине. На свадьбе сразу деньги не взял, вот прошел уже почти год, на связь не выходят, на телефон не отвечают, пытался связаться через брата (которому так же снимал свадьбу) - никакой информации… Не оплачено 700$
Решил выложить клип с этой свадьбы, пусть посмотрят, может найдутся….
Передайте им, пожалуйста, привет и Беларуси. 

Хочется пообщаться с Андреем, надеюсь он со мной свяжется и мы найдем выход из сложившейся ситуации. Компромисс всегда есть.",neutral
tr1678,Очаровательная вещь),positive
tr1679,"Глаза зеленого цвета. 

Упрямы, настойчивы, принципиальны. Это очень мягкие и бесконфликтные люди. Обычно очень верны, но слишком высоки их требования к людям. Они знают чего хотят и стабильно добиваются своей цели. Они справедливы и умеют реально смотреть на вещи. Очень хорошо распознают людей без особых знаний. Внешне зеленоглазые люди кажутся гордыми и неприступными, но это все внешний обман.Мне нравится 2 Поделиться",neutral
tr1680,"[id20263143| красивая девушка. Особенно последняя фото, если аватарки пощелкать",positive
tr1681,"Я так скучаю по тебе, очень тебя не хаватает, а еще и дня не прошло как ты уехала :(",negative
tr1682,"А тебе дам, ишь чаво захтела =Ъ",neutral
tr1683,"Посмотри на всех своих поклонников из числа девушек за последний месяц :)
Подробнее здесь:",neutral
tr1684,"ПИВКА НИКТО ПОПИТЬ НЕ ХОЧЕТ?
С МЕНЯ БУРГЕРЫ ВЫСОКОКЛАССНЫЕ!",positive
tr1685,"Бло, какого Х** я смотрю футбол???!!! 
Ваня блин....!!!",negative
tr1686,"Мое брюшко, после работы доделаю! )))
П.С. Пришел, доделал и тут же выложил! ))))",neutral
tr1687,"ну..вот...сново..пары..бррррр,",negative
tr1688,"Вот Мы и дома,уставшие но счастливые.Прическа ,продержалась целый день.Спасибо МОДЕЛИ ВИКТОРИИ,которая выдержала все вариации с волосами,всех фотографов и просто желающих с ней сфотографироваться.
СПАСИБО ТЕБЕ ОГРОМНОЕ!!!ДЛЯ МЕНЯ ТЫ ЗВЕЗДА!!!",positive
tr1689,"Миссия: Создать новогоднее настроение.
Способ достижения: Повесить распятие с овечкой на стену в комнату.
Статус миссии: Выполнена.

З.Ы. Эта овечка страдает за твои грехи. Не делай ее старания напрасными - ГРЕШИ этой ночью.",neutral
tr1690,"Ехал в маршрутке вчера. Наша 64-я подрезала на остановке 29-ю. Остановились, смотрю, выходит водитель из 29-й, думаю, сейчас начнется ругань-перебранка на отеческом. А прошло все очень цивильно, хоть и на повышенных тонах. Ни одного матершинного слова.",positive
tr1691,"2:2. Хорошее дерби, но Веллитон ублюдок, конечно!",negative
tr1692,Димкина девушка))),neutral
tr1693,"Это просто чудо-пес! Меня уже и покусали, и поцеловали! 🐶😚🙈 @ Бульвар на Ульянова",positive
tr1694,"Урааа ну наконееец то, конец эпохи!!!)))))",positive
tr1695,я дома :-Р,positive
tr1696,"не, ну норм счет набрал так",neutral
tr1697,Ура!!! Первая медаль сборной России!!! Ольга Граф в конькобежном спорте на дистанции 3000 м. вырвала бронзу!!!,positive
tr1698,"мужик должен быть могуч,вонюч и волосат!!!)",neutral
tr1699,Перес - гений! Гран-при Малазии было просто классная! Футбол после этого смотреть скучно.,positive
tr1700,"Я никогда не думала, что можно
знать кого-то так хорошо и в тоже
время чувствовать, что в этом
человеке еще столько не
разгаданного. Я никогда не знала,
что слова «Я ТЕБЯ ЛЮБЛЮ» каждый
раз звучат как впервые... Я никогда
не встречала человека, с которым
часы пролетали бы как минуты, и с
которым мне ни когда не хотелось
бы расставаться... Не находила
настолько близкого и родного
человека. Милый я никогда не
любила так, как я люблю тебя.",positive
tr1701,"Я хочу духи с запахом счастья, тушь цвета радости и крем с ощущением любви!",positive
tr1702,Когда-нибудь наша с тобой любовь будет бегать в подгузниках по дому:D,positive
tr1703,"И кто говорил 3 месяца это долго?????? а завтра я уже возвращаюсь, ВОТ!!!!!!",positive
tr1704,"Кто знает о чем речь, сейчас будет смеяться)))",positive
tr1705,"сдал на права, открыл категорию ""А""!!!",positive
tr1706,пхахаха))) наслаждайся) ты такое любишь),positive
tr1707,"Наконец-то я понял о чем эта песня. ""Дарит небо Ультрамарин, жарит тело адреналин"".",positive
tr1708,"В смерти есть что-то торжественное; это поражающая истина, которая должна угасить все страсти. Ее неумолимая коса подрезает наше существование; если это не случилось вчера, это может случиться сегодня или завтра, и иногда это завтра оказывается таким недалеким и неожиданным!",neutral
tr1709,Люблю тебя,positive
tr1710,Политический тест точно определил мои убеждения.,neutral
tr1711,подскажи те пожалуйста почему у моего анималиста 390 урон он бьет 234 а у танка 250 урон и также бьет 250?ето глюк или что?,neutral
tr1712,"Что-то жопа у вас,собирался приехать сегодня,но предумал,увидев заваленные по крышу машины xD",negative
tr1713,"Думаю, тебе понравится)",positive
tr1714,Сезон шаурмы на Курской открыт! Это очень важно. В жизни должно быть место прекрасному.,neutral
tr1715,что то я проебал,negative
tr1716,Заболела((((,negative
tr1717,"Ярик,помоги.",neutral
tr1718,где посмотреть этот фильм???!!!!!!,neutral
tr1719,Только не в армию!!!,negative
tr1720,"счастливо угареть, педики :(",negative
tr1721,На всю жизнь мы с братом вместе.,positive
tr1722,А я и не сразу понял...,neutral
tr1723,"пиздец, наблюдая как один парень запросто хлестает троих говнарей, захочется заниматься кик-боксингом. а у меня пиздатая реакция, летело в голову с ноги, а я увернулся и прилетело никите в кадык, ы. попили пива с говнарями, бля.",negative
tr1724,"Требуя Любви от близкого человека- обратите внимание на то, что он Вас Любит. Вопрос в другом, принимаете ли Вы Любовь, или по каким то причинам отказываетесь от ее...",neutral
tr1725,А в Плазме уже новогоднее настроение) ❄⛄🎅🎄🎁,positive
tr1726,"""Каждый год, 31 декабря, мы с мужиками ходим в баню...!"")))",neutral
tr1727,Давай...замутим счастье??,positive
tr1728,"Закончилось лето, но не наш отпуск😛😊👫",positive
tr1729,хочу себе такого попугая,positive
tr1730,Готовимся к Славянскому базару✌👯,neutral
tr1731,"Рыбы. 9 июля
Нельзя сказать, что вы способны очаровать первого встречного, но каждого второго 100% ! Вы сегодня красивы, ой ой ой!",positive
tr1732,"В своей жизни помню как момент счастья, когда жили с отцом без матери (она на учебе была в другом городе). Когда вернулась, распустила дисциплину. О чем я жалею. Это относиться к этим семинарам (они в комментариях под фото).",neutral
tr1733,и меня ты любишь))да??)),neutral
tr1734,С племянницей Дианочкой и моей любимой Раисой Николаевной))),positive
tr1735,начфин не дал отксерить документы?!,neutral
tr1736,"патриотические ноготки с ,опять же,моим любимым лунным для [id12409974|Алена Волошина]",neutral
tr1737,Эх...станцевать бы))),positive
tr1738,"[id31327950|Сергей], желаем поскорей неровно дышать НА этом человеке))",neutral
tr1739,Зомби-моб 2013,neutral
tr1740,Детеныш Оцелота,neutral
tr1741,Активисты движения НАШИ очень любят Россию и по этому создают очереди в ФМС на сдачу документов на загран паспорт. Делается это для того что бы те кто не любит Россию не смогли бы из нее уехать.,negative
tr1742,Как я был наблюдателем на референдуме в Севастополе )),neutral
tr1743,"хех)скоты)да конечно извинитесь,и вам все простят)))ага)условия будут жесткими...итак.укры с момента своего плача становятся колонией РФ,людишки в рабство,нидвига в собственно сть РФ,всех кто воевал...к стенке или по этапу!это кратко)))хохлы!есть желание извиниться???)вы даже сдохнуть не можете по человечески. падаль продажная)",negative
tr1744,#shaving  @ Микрорайон Аничково,neutral
tr1745,"Слова, запрещенные на ТВ с 1 сентября",neutral
tr1746,"Как Вам такое обсуждение голосования на ЛитСталкере?
Даже Вас мельком упомянули...",neutral
tr1747,красить ногти,neutral
tr1748,Посмотреть: Социальная сеть и 13.,neutral
tr1749,"Внимание, живописцы! Все, кто хочет увидеть свои художественные работы опубликованными в книге - пишите мне личку.",neutral
tr1750,Больно мне больно неунять эту дикую боль...,negative
tr1751,"Лесин, выучи русский язык и изъясняйся доступно для нормального человека, а потом комментируй)",negative
tr1752,лучше не бывает),positive
tr1753,Бандит Андрей,neutral
tr1754,Тут вроде еще живой )),neutral
tr1755,ахах вот такие мы))),positive
tr1756,"Богдан,помнишь когда мы на трешу ехали с твоим папой,у него эта песня играла?",neutral
tr1757,сладкая -сладкая :*,positive
tr1758,"привет,я не послушал ефир играли в реслинг я свихнул руку",negative
tr1759,"Вас оскорбляет изображение Иисуса, занимающегося оральным сексом с апостолом Петром? А меня в таком случае оскорбляет изображение Иисуса, прибитого гвоздями к доскам. В расчете!",negative
tr1760,Каждый вечер большая часть сайтов у меня выглядит в Хроме так. А с утра все нормально! Что это такое может быть?,neutral
tr1761,Э РОН ДОН ДОН - ГИМН МДК (УСПЕШНАЯ ГРУППА),neutral
tr1762,"Котик любит кошечку,
птичка
воробя. Небо любит
солнишко,
а я люблю тебя:-* Напиши
ето
на стенке всем кого
любишь
или дружишь и мне не
забудь.
Если к тебе вернеться два
- ти
никому не нужен, пять -
тебя
любят, восемь - ти очень
дорог
людям, десять - ти просто
бомба:-)",neutral
tr1763,А ТЫ НЕ ЗАБЫЛ???ЧТО Я ЛЮБЛЮ ТЕБЯ БОЛЬШЕ ЖИЗНИ!!!!))))),positive
tr1764,вот еще одна,neutral
tr1765,кому щас плохо,neutral
tr1766,В студии...,neutral
tr1767,"Еще одна голова над моим камином, я снова подтвердил свой титул вершины пищевой цепи, эта особь конечно не так глупа как предыдущая но все же, было не слишком легко ее побороть.Ну как я уже говорил эволюция штука беспощадная, особенно если эволюцию олицетворяю Я, конечно до Трипл Эйча Ренди и Батисты мне далеко, но все же.",neutral
tr1768,Ну как то так!),neutral
tr1769,это так смешно)))),positive
tr1770,"То,что я должна сделать: 
1)Быть добрее к людям.
2)Перестать жрать после 12 ночи.
3)Начать качать пресс каждый день.
4)Перестать ругаться матом.",neutral
tr1771,"Запись в Питере до 18 февраля, включительно. 
Далее с 26 февраля.",neutral
tr1772,Послушай шикарные персни*),positive
tr1773,"Когда ты не знаешь, что делать",neutral
tr1774,Сааань:) могу смотреть чассами:В,positive
tr1775,ну ладно голос красивый не спорю НО когда он начал петь за Жасмин (принцессу) я просто оч жестоко выпал)),positive
tr1776,"Фентанил внутри/ венно  0,005% и 30 минут ты первый после бога",neutral
tr1777,Ниче так?),neutral
tr1778,the decle.ЗАВТРА ОТОРВЕМСЯ=)))))АХАХАХАХА,positive
tr1779,"Мне подходит BMW X5. Узнай, какой подходит тебе - vk.com/app4232798",neutral
tr1780,"утин сегодня предстал защитником семьи и патриотом. Это после того как развелся и после отъезда дочерей из России в Голландию и Южную Корею. От души, от сердца говорил.. Правду матку резал..",neutral
tr1781,"[id100968573|Ольга], ты зачем участвуешь в этой грязи? Тебе не жалко девчонку? А если вы ее своими лайками до самоубийства доведете?",negative
tr1782,Немного Сочи),neutral
tr1783,"Контакт зло!! Мотаюсь по городу и столько мыслей приходит, по поводу того, что в блогк написать, но как только попадаю за комп - моск парализует!! :))",negative
tr1784,"люблю людей, которые со мной солидарны!)",positive
tr1785,Вот они мои долгожданные)))))))))),positive
tr1786,новый статус - новая жиzнь))),neutral
tr1787,"- Как быть с теми, кто нас не любит?
- С ними лучше не быть.

© Ринат Валиуллин

Картина: Михаил и Инесса Гармаш",neutral
tr1788,от количества сердечек ебало красивее не станет)),negative
tr1789,"Если человек хочет быть частью вашей жизни, он приложит очевидные усилия, чтобы сделать это. Подумайте дважды, прежде, чем освободить место в вашем сердце для людей, которые не приложили усилий, чтобы там остаться.",neutral
tr1790,Люблю тебя больше всего на свете!!!!! И ты только мой!!!!)) вслушивайся в слова :**,positive
tr1791,"Маленькая провинциальная,такая же как и сотни итальянских деревень-деревня Сан Феличе. Здесь каждый любит свое дело и превращает его в искусство- садовники своевременно стригут деревья, каменщики аккуратно чинят тротуар, стараясь сохранить средневековую брусчатку, в булочных пекутся самые вкусные пирожные, а ее хозяин приготовит ароматнейший кофе и очень приветливо протянет вам чашечку. Этого вполне достаточно чтобы здесь родились Данте или Леонардо) Именно в этом месте завершились съемки нашего проекта Madly in Love...",neutral
tr1792,Мой гитарист! :),positive
tr1793,В любом варианте этот трек отличный,positive
tr1794,Скучно..очень скучно(((,negative
tr1795,"Не хотел его выкладывать на стену, но раз уже и телеканал Россия24 показал, то смотрите на лидера майдауна.",negative
tr1796,кобра это же гайцы,neutral
tr1797,"Друзья!Может у кого-нибудь есть знакомый орнитолог в Москве? 
У меня на руке птица,которой повредили крыло,и я даже не знаю чем ее кормить,так как не могу понять, что это за птица.Подозреваю,что это соловей.Может кто-нибудь подскажет или посоветует специалиста?Спасибо",neutral
tr1798,рибка моя))) люблю тебя очень сильно)))))*****,positive
tr1799,Я вспомнила)) сегодня 3 годика моему первому пирсингу)) утютютю))))) Миша сказал: давай купим ей подарок))),positive
tr1800,вот оно :),neutral
tr1801,"Пройди детектор лжи и ответь мне на вопрос:
***Вопрос является секретным, ты сможешь увидеть его только в приложении***
😆

Чтобы ответить на вопрос перейди по ссылке",neutral
tr1802,"Мини-спектакль: Актеры - слево-на-право = кошка Марфа, кот Василий.",neutral
tr1803,поет мой Друг!!,neutral
tr1804,"Вот до чего доводит офисное планктонирование -

мои результаты психологического теста",neutral
tr1805,Праздник к нам приходит....,neutral
tr1806,"боже, сколько можно посылать мне эти испытания? У меня уже опускаются руки, а сил хватает только на слезы(((((((((((",negative
tr1807,Так-то Да),neutral
tr1808,"Кукуськи, мои любимые))* Люблю вас))*",positive
tr1809,"Я одного не понимаю, почему всегда дрель? Каждый день? Уже почти год ! Такое чувство, что у них кроме дрели нет приборов! Они смотрят дрель, слушают дрель, готовят с помощью дрели и даже воду кипятят дрелью! Хлеб режут дрелью!!!! блять эти соседи несчастные люди! - им даже в магазине кроме дрели ничего не продают!!!!!!!!",negative
tr1810,Сходили в ПаТиПу..😉,positive
tr1811,Надо бы опробовать,neutral
tr1812,Словарь девушек.:),neutral
tr1813,- Ну и дятел!,negative
tr1814,куплю жир за все кроме бп,neutral
tr1815,"Начни жизнь с чистого листа, но оставь копию старых ошибок...",neutral
tr1816,Я 666 дней ВКонтакте!,neutral
tr1817,Сегодня в Пача Маме разговариваем о медиа и рекламе. Приглашаю всех :),neutral
tr1818,А ЧТО УЖЕ ПОТАНЦЕВАТЬ НЕЛЬЗЯ? Я ПРОСТО ТАНЦУЮ!,negative
tr1819,"Написала небольшое стихотворение к 10-ти летию с того дня, когда в Кармадонском ущелье без вести пропал хороший Человек, Сергей Бодров. Оно короткое, как его жизнь.
 ***** 
Кармадон. Ущелье. Колка. 
Ты прожил средь нас недолго. 
Будем помнить тебя, Брат. 
Жаль, что нет пути назад. 
Ты в сердцах оставил след 
И короткий свой завет: 
В правде сила. Только в ней. 
За кем правда, тот сильней.",negative
tr1820,"Моя зарплата должна составлять 152,147.0 рублей. Узнай свою настоящую зарплату здесь vk.com/app4183747",neutral
tr1821,вот она красавица),positive
tr1822,Такие коктейли не делал? XDD,neutral
tr1823,"Пора голосовать, друзья!) Поддержите плиз мой логотип, буду очень благодарен вам всем. А если проголосуете с фейсбука и твиттера (т.е. 2 голоса), то ваще буду рад)
 www.talenthouse.com/creativeinvites/preview/a446194d453f20de516c44e81194f28b/456 (не работает на Опере)",neutral
tr1824,Петруша))),neutral
tr1825,"Продаю недорого 3,5 комн квартиру!! Динас!! Друзья, респект Вам за репост!!",neutral
tr1826,Очень скучаю*,negative
tr1827,Швеция ты кто такая??давай до свиданье))),neutral
tr1828,Папа и сыночек красавчики),positive
tr1829,Финал по боксу прошел оставив яркие воспоминания! Из наших запомнились Никитин Дьулус молодец отлично отбоксировал !Порадовал Савелий борисов настоящий ВОИН !! А лучший боксер турнира однозначно КАЛИБЕКОВ АЯН!!! КАЗАХСТАН!!!,positive
tr1830,"Я поймал себя на мысли, что скучаю по тебе,но потом я вспомнил как однажды ты лайкнула аватар одного пидара, и сразу все прошло.",negative
tr1831,"ПРАВДА ЖИЗНИ=(
Ты не имеешь права требовать, чтобы тебя любил тот, кого любишь ты сам… Никто не обязан разделять твои чувства и отвечать на них. Если чувства совпадают - это великое и редкое счастье. Если они не совпадают - это обычное явление.",neutral
tr1832,"Но продолжение последовало... + 15 человек погибших и много раненых. Нет смысла говорить что-либо. Всем и так все понятно. Одним словом беспредел и просто полный, тотальный пи**ец...Проводится ли хоть какая-нибудь поддержка и защита населения - неизвестно..А тем временем, выходить на улицу стало еще опасней. Друзья, берегите себя и по возможности чаще оставайтесь дома.",negative
tr1833,жуТко нравится эта песня)))),positive
tr1834,"Неотвратимо приближается счастливая пора - сезон белых мух - в связи с чем хочу напомнить уважаемому %username%, и себе в том числе, о том, что пора возвращаться в форму :)


P.S. Для э̶л̶ь̶ф̶о̶в̶ лыжников 80го уровня:",neutral
tr1835,Отлично провели день с родителями😃✌🌟💥🚗,positive
tr1836,Люблю тебя)*,positive
tr1837,Ты - Великой Руки Творение !!! Любить буду вечно !),positive
tr1838,"Итак,что это?",neutral
tr1839,на Чаки очень похож )))),neutral
tr1840,из какого фильма этот фрагмент??,neutral
tr1841,Гоша пострадал и получает помощь,neutral
tr1842,с ляжкой прямо детективная история.,neutral
tr1843,нужна девушку,neutral
tr1844,"Егор, ты правда на Аффинаж пойдешь?",neutral
tr1845,СупердискотЭка 90-х ждет нас!!!,positive
tr1846,Самый красивый и любимый в мире ПАПУЛИЧКА!!!!!,positive
tr1847,Наконецто я влюбилась.............,positive
tr1848,"Квартира 2-х комнатная 6 этаж в 9-тиэтажке с лифтом,10 мин пешком до м.Проспект Большевиков. В квартире:стиральная машина-автомат,холодильник,пылесос,телевизор,проведен и-нет(провайдер Интерзет)мебель(советская).Можно с животными.20 т+КУ тел 9523942 

ВНИМАНИЕ: пожалуйста, все вопросы по телефону в объявлении.",neutral
tr1849,Позитив)))),positive
tr1850,"мне не надо пуд муки, мне не надо сито - меня милый поцелует - я неделю сыта! (c)",positive
tr1851,"в больницу,покровка",neutral
tr1852,На концерте Uriah Heep. ДК им. Ленсовета 04.10.2013,neutral
tr1853,зашибись как все надоело вообще блин,negative
tr1854,"Если стоит выбор между «да»
или «нет», то «да»! Сделайте
это. Поцелуйте, обнимите,
догоните, встретьтесь, скажите.
И пусть выйдет ерунда, зато
хоть попытались.",neutral
tr1855,"Такие девушки, как звезды, что светят в
клубах до утра, чаще всего тупые пезды
или простая школота (не мое)",negative
tr1856,"Знакомые появляются и исчезают, а лучшие друзья - это навсегда. Потому 
что даже тогда, когда ты не знаешь, куда идешь, они помогают осознать, 
что ты идешь туда не один.",positive
tr1857,"Скажите пожалуйста,море сейчас чистое или такое как в Урзуфе в июне,мертвая рыба и все дела?",neutral
tr1858,"Эх, скоро в Финляндию! Порвем финов!!!)))",positive
tr1859,"Девушки, ходите в спортзал, одни плюсы от этого:
Красивая фигура, довольные парни, здоровые дети.",neutral
tr1860,"Забанен, блеа >_<",negative
tr1861,Новоиспеченный Ведьмак!!!)))))))),positive
tr1862,Романтично,neutral
tr1863,"Воспоминания, которые будут храниться вечно",positive
tr1864,"Прилетит пусть волшебник
В голубом вертолете
И бесплатно покажет кино.
С днем рожденья поздравит
И, конечно, оставит
Пусть в подарок пятьсот ""эскимо"")))",neutral
tr1865,Cмотри) Это спина мастера который мне будет бить в конце августа х),neutral
tr1866,С ПЕРВЫМ СНЕГОМ!!! УРААА!!!! ДА ЗДРАВСТВУЕТ СЛЯКОТЬ!!!!!,negative
tr1867,"Сегодня к ополчению присоединилась группа из Израиля. Батальон «Алия», сформированный в 2002 году из уехавших в Израиль профессиональных военных Советской армии и армий стран СНГ и занимающийся охраной еврейских поселений в Иудее и Самарии, незамедлительно отправил в Славянск двадцать высокопрофессиональных бойцов с опытом службы в советской и израильской армиях, а в течение двух недель готов довести количество своих бойцов, сражающихся с нацистами, до двухсот, - сообщают наши источники на Донбассе.",neutral
tr1868,Смотрю расписание мы опять в Чинарах будем стоять 1.5 часа((,negative
tr1869,"Да ну нафиг! Залез в ленту, а там политика, политика, политика... Спасу нет. И самое страшное, что по инерции хочешь весь этот шлак перебрать, проанализировать и сделать выводы. Авотнебуду!.",negative
tr1870,"сказал ""зво'нит а не ""звони'т""? НА КОСТЕР ТЕБЯ НЕОБРАЗОВАННЫЙ ПЛЕБЕЙ",negative
tr1871,"Ищу спутника (желательно девушку=) для непринужденной прогулки по городу Иваново с целью заполнения обходного листа. Требуется только свободный день и чувство юмора. Найдись! А то мне так впадлу одному ходить, что уже чувствую - диплом могут и не отдать(",neutral
tr1872,Продолжение рассказа о нашей поездки в Индию,neutral
tr1873,"Цитата недели
Сами вы плохие! (с) Погода",neutral
tr1874,"Мои 300 засранцев, которых я никогда не забуду 😜",positive
tr1875,"Димка, где фотография на аву?? Не могу общаться с вопросительным знаком!!!",negative
tr1876,статус норм))),positive
tr1877,"с друганом в общаге)
101",neutral
tr1878,"Не родилась еще та яйцеклетка, которая бегала бы за сперматозоидом. Не спорь с природой.",neutral
tr1879,Это мего)точно лучше хД,positive
tr1880,Артем кошеваров нормально дерется?,neutral
tr1881,"Друзья, кто не так давно делал дома ремонт , подскажите, пожалуйста, у какой фирмы можно заказать хорошую входную железную дверь? Желательно с деревянной обивкой (надеюсь, понятно описала).",neutral
tr1882,Больничка )))),neutral
tr1883,"на, те Изюм минус сделал, читай ))))))))",neutral
tr1884,Так выглядит стол в мужской праздник,neutral
tr1885,У меня родилась прекрасная дочурка Виктория Сергеевна!!!Самый счастливый ПАПАША!,positive
tr1886,"Я ХАЧУ СПААТЬ!!!!!!!!!!!!!
Матвеев умоляю....",negative
tr1887,"за день попал на 2 события, которые по телеку показали.
1. с утра катя уговаривала на атракционе прокатиться, я отнекивался - и тут поезд на нем кверх ногами застрял. Был очень рад, что не поехал:) Приезжали скорые, пожарные, милиции, чтобы людей доставать. Но те там все равно провисели с пол часа:)

2. Вечером около новодевичьего монастыря проезжал - а там его башня полыхает... высотой с 25 этажный дом (72 метра), полностью деревянная, пламя с земли и еще этажей на 5 над башней, вся в огне, облако искр, со всех сторон горящие балки падают... А ведь она была 1690 года постройки...",neutral
tr1888,еще к теме о безумии человеческом. они прекрасны)),positive
tr1889,Machete (Токио) - Нежность,neutral
tr1890,[20:52:40] Leonel Messi: тут реально в АПЛ жара будет и в ЛЧ. у вас кубок англии потолок в этом сезоне. мы не факт что в 4-ку попадем,neutral
tr1891,Почему все чаще происходят столкновения с выходцами с Кавказа - в чем разница менталитетов? - Первый канал,neutral
tr1892,Яб даже поиграл с такой фичей,neutral
tr1893,"Наверное, мы последнее поколение, чье детство прошло на улице, а не в интернете...",negative
tr1894,"Структура славянского строя.

Почему рухнул СССр? Потому что не было Советской власти, а была строгая вертикаль власти и командная экономика, в которой все решали комиссары, то есть чиновники, зависищие от начальника, расположенного выше по вертикали. Провозглашали все народным. Но вследствие того, что не было Общины, не было вечевой структуры и Советов, собственность не была стрктурирована, не принадлежала ни Общине, то есть народу какой то Общины, не были собственности и федеральной, принадлежащей какому то Совету федерального уровня. Инициатива народа была нулевая, решали все только комиссары, то бишь высшая власть принадлежала партийной вертикали. 
Весь ""советский"" период это дискретация понятия советской власти, за которую сражался народ в гражданску войну.",neutral
tr1895,Как вам мой рисунок???) пишите в коментах)),neutral
tr1896,"Я не виндовс, я ненавижу виндовс, я ненавижу виндовс. Мне хватило одного захода на него после двухнедельного сидения на линуксе, чтобы понять это. Как можно Так тормозить, тем более, что на него у меня больше памяти уделено, чем на убунту.",negative
tr1897,"но я найти того, кого бы хотела увидеть и услышать уже не смогу!",negative
tr1898,"Когда скучаешь по близкому человеку, любая мелочь напоминает о нем.",positive
tr1899,можно пересматривать бесконечно 💪  👏  😢,positive
tr1900,учу камасутру,neutral
tr1901,Перебрался в Портер на Крещатике! Приходите в гости ; ),neutral
tr1902,с 9 по 26 августа курю ганжу в Голландии,neutral
tr1903,Денис + Надя,neutral
tr1904,❤❤У мужчины все должно быть прекрасным . Особенно его Настенька  ❤ ❤,positive
tr1905,Самый лучший мастер сотворила сегодня вот такую красоту!)),positive
tr1906,"Люди-странные существа...Они хотят чтобы все было по ихнему...Они считают, что имеют право распоряжаться чужой судьбой, чужими чувствами, во благо своих идей, желаний и целей...Они прибегают к различным методам...И очень часто просто вынуждают, заставляют делать так, как они хотят...Но они забывают, что даже заставив выполнить их волю, они не смогут заставить забыть...не смогут заставить перестать или начать чувствовать...Люди, помните, что каждый человек волен распоряжаться своей судьбой так, как он хочет...",negative
tr1907,В Питере чудесно. Всем привет!,positive
tr1908,"Ограниченная доступность заставляет потребителя чувствовать: мы должны действовать прямо сейчас. Если нет, мы упустим возможность, даже если она не является приоритетной для нас",neutral
tr1909,сенит тоже лохи,negative
tr1910,"Между я и Великим Брахманом нет различий. 

Мои мысли и чувства - суть - мысли и чувства вселенной. 

Мои поступки - суть - поступки к самому себе. 

Мой разум - разум Великого Брахмана. 

Камни говорят: 
Кроме разума нет ничего. 

Изменяя себя, Великий Брахман изменяет тебя.  

Изменяя себя, я изменяю Великого Брахмана. 

Камни говорят: 
Нет добра, нет зла, нет единого, нет разрозненного, нет жизни и смерти нет. 
Я свободен во всем, кроме того, чем ограничил себя сам. 
Нет Пути. Нет смысла. Нет важности.",neutral
tr1911,"оправдал мои ожедания ""Мальчишник 2""=))))))",positive
tr1912,Вот такая вот у нас регистрацияя)),neutral
tr1913,на новый год поступило предложение руки и сердца!!!! вот так...,positive
tr1914,МЫ САМИ РИСУЕМ СВОЮ ЖИЗНЬ,neutral
tr1915,слушай правильную музыку),neutral
tr1916,"Да что вы знаете о боли... мог выиграть с 100 руб 3500!!!

Тупо один исход. Матч, в котором чуть-чуть не хватило. ГОРИТ.",neutral
tr1917,"Он холодный, он такой холодный -
На его ресницах снег не тает.
У природы нет плохой погоды,
Но его природа непростая.

То ли я ему совсем чужая,
То ли отключили батареи -
Я с ним постоянно простужаюсь
И потом недели две болею.

Людям очень нужно с кем-то греться…
Все уже себе понаходили.
Только у него другое сердце -
Маленькое сердце-холодильник.

Холодильник - славное местечко,
Чтоб хранить любовь, надежду, веру,
Но, когда его подносишь к печке,
Сильно уменьшается в размерах.

Я и он по-разному ранимы.
Близость не подходит для далеких -
И когда он все-таки обнимет,
Я умру от воспаленья легких.",negative
tr1918,Я у вас еще не была? 😳 ...Тогда я еду к вам 😆 😆 😆  #жизньбеженца #Сумы,neutral
tr1919,"- ТАНЯ, ТЫ МНЕ ЗВОНИШЬ?
- Нет.
- А Я ТЕБЕ? 

Я до сих пор ржу 😆",positive
tr1920,чтобы не включать видео каждый раз :D,neutral
tr1921,аххаха)) дверь мне сделал!!!,positive
tr1922,"""Вокруг так много красивых женщин, что в конце концов начинаешь ценить общество той, которая может тебя хорошенько рассмешить"".
(с)",neutral
tr1923,Липофрения - чувство печали без видимой на то причины,neutral
tr1924,Надеяться только на себя - отличный способ перестать разочаровываться в людях и жить с отличным настроением.,positive
tr1925,"Сегодня в 14:00 на станции Горьковская продолжатся празднования дня Всех Святых. Эксцентричные костюмы, песни-колядки и многое другое ждет вас на Русском марше. Приходите.",neutral
tr1926,Посоветуйте какие-нибудь приложения для Айфона-Айпада! Скайп и твиттер уже есть.,neutral
tr1927,"Нужны люди:
1) Организаторы мероприятий: дам бесплатно площадку для информаций
2) Веселые люди знающие и любящие анекдоты
3) Люди любящие работу с детьми (аниматоры)",neutral
tr1928,"Мне говорить «прощай», не ново,
Но с каждым разом больше боли.
Отчаянность сжимает снова,
Мои мечты в своей ладони. 

Влюбленности прекрасен взлет.
Парят в объятьях крылья - руки.
Но рок мой без промашки бьет,
И падает душа на лед.
Примету знаю наперед,
Что нежно полюбить к разлуке.

Во встречах мне отрады нет,
Мои привязанности - прах.
Я больше не скажу - привет,
Чтоб «умерло» прощай в устах…
28 января 2014 г.",negative
tr1929,"У нас целый день идет снег. Все белое белое, красивое и сказочное. Я иду сквозь метель и улыбаюсь. Народ смотрит на меня с недоумением. У нас почему то не принято улыбаться, просто так идти и улыбаться. А я ничего не могу с собой поделать. я так счастлива :)",positive
tr1930,что напоминает!,neutral
tr1931,"Книга: ""Сила Намерения. Как реализовать свои мечты и желания""",neutral
tr1932,Вот эту буду учить) аккорды простые),positive
tr1933,Я Русский Оккупант,neutral
tr1934,Заебало если честно..,negative
tr1935,"восторг сегодняшнего дня, вживую вообще очень!",positive
tr1936,"Ну без этого, ясен пень, никак не обойтись )",neutral
tr1937,УРААААА Я СТАЛА ТЬОТЬОЙ=)))))))))),positive
tr1938,Херово(( а я в последний день заснула на пляже и обгорела),negative
tr1939,Умер папа....,negative
tr1940,обама на всю Америку кричит на Американцев козлы козлы козлы,neutral
tr1941,Ахахахахахахахахахаха...,positive
tr1942,«Дневник разработчиков компании Wargaming»,neutral
tr1943,взяли дракона),neutral
tr1944,Как хорошо в чужом городе встретить родного человека!!!,positive
tr1945,Отлично сидим;),positive
tr1946,Ну не бред ли?,negative
tr1947,"B L A C K H O L E



За репост делаю сигны",neutral
tr1948,"Посаны, совсем скоро огласят итоги DJ Mag Top 100. Кто на кого надеется? :)",neutral
tr1949,Система питания человека зависит лишь от уровня его развития!,neutral
tr1950,Мотивация: Железо не обманет!,neutral
tr1951,"Сегодня случился красивый закат, запечатлел)",positive
tr1952,Написать сообщение...,neutral
tr1953,такой забавный :D,positive
tr1954,"Мне не отогднать тоску, она маленьким матыльком прилетела ко мне. И как только на землю опускается сумрак, садится мне на плечо, и превращается в огромную птицу печали, окутывающую меня крыльями.....",negative
tr1955,O.O жееесть:))) в последнем кадре - Сява?)),neutral
tr1956,"Сем остановок молча, под проливным дождем...Наблюдая, за серым городом чего-то ждем.",neutral
tr1957,ты это видела?)),neutral
tr1958,"а я мечтаю о сыне, чтобы отдать его на борьбу, стильно одевать, учить поведению с девочками и чтобы он был красивый, как папа",positive
tr1959,Вау!!!!ты просто мега волшебница))))),positive
tr1960,"Карапуз мой сладкий, скучаю;((",negative
tr1961,Молод и прекрасен))💋💋💋,positive
tr1962,"Оказывается, я в душе - Путник! Меня привлекают путешествия, риск и новые впечатления! А какой архетип скрывается в тебе?
Пройдите и вы психологический тест от Discovery Channel - и станьте участником розыгрыша камеры GO PRO!",neutral
tr1963,тусим сегодня?,neutral
tr1964,Как ты думаешь.где Надюха,neutral
tr1965,"Дурнев+1: Всем мех с кожей, посоны!",neutral
tr1966,добавить позитива перед робочей ночкой.......))))))),positive
tr1967,я поржала :3,positive
tr1968,Человек из песка,neutral
tr1969,Сука корсет жмет!!!!,negative
tr1970,Сегодня колька станет белым)))),positive
tr1971,ахахаха тебя вспомнила)),positive
tr1972,"Когда нужна поддержка, ты обычно оказываешься никому не нужен. Но на самом деле ты постоянно никому не нужен. Просто замечаешь это лишь тогда, когда нужна поддержка.",negative
tr1973,"Продукция изготовлена из высококачественной ткани с водоотталкивающей пропиткой. Наполнитель продукции химически нейтрален, гидрофобизирован, не сохраняет запах, не является средой обитания насекомых и вредных микроорганизмов, обладает высоким коэффициентом подвижности, равномерно распределяет нагрузку на всю поверхность изделия. За счет аккумулирования и распределения тепла создает ощущение комфорта. Не аллергенен",neutral
tr1974,#накраюсовершенногомира,neutral
tr1975,"У задержанных за беспорядки в Москве изъято 16 травматических пистолетов, 208 ножей и еще 260 предметов для уличных боев, в том числе металлическая арматура, молотки, электрошокеры, кастеты, бейсбольные биты.",neutral
tr1976,АКЦИЯ!!!! Платье 118грн,neutral
tr1977,Я ТЕБЯ ЛЮБЛЮ!!!,positive
tr1978,еще как рулит)только пальцы скоро придется ампутировать ><,negative
tr1979,"Друзья, кто может помочь с Гердой? Дочка случайно открыла бой... времени еще 16 часов, магии 15000. Вышлю приглашение...",neutral
tr1980,На добро нужно отвечать добром ...А на зло- нужно отвечать справедливостью !,neutral
tr1981,РАЗОБЛАЧЕНИЕ! Отчаявшийся директор Орифлэйм открыл простой способ рекрутирования и закрыл 2 звания за 1 год!,neutral
tr1982,"Меня раздражает эта коза) я уже писала о ней, но она не может остановиться, на ее страничке можно найти работы многих мастеров, и у нее, видимо, 100 рук чтобы заниматься и ресницами, и ногтями, и волосы наращивать, и работы "" свои"" с утра до вечера выкладывать..",negative
tr1983,"чертовски приятно, когда человек говорит, что скучал по тебе.",positive
tr1984,На лекции было 30 человек я надеюсь что было интересно. Всем огромное спасибо кто был. Я старался рассказать обо всем что мы пережили.,positive
tr1985,"Мы все спешим, не успеваем.
Недолюбив, стараемся забыть.
И все на завтра оставляем,
А завтра может и не быть...",negative
tr1986,У кого остались картриджи для Денди?!! Срочно=),neutral
tr1987,Приглашаю посетить  автомоечку с полным спектром услуг!!!,neutral
tr1988,припев классный),positive
tr1989,Катичка пошла вразнос!,neutral
tr1990,"Детская мебель Сказка-5 - удобный, компактный и функциональный комплект детской мебели. Состоит из кровати-чердака, письменного стола, стеллажа для книг, шкафа-купе и тумбы с вместительными ящиками.
Комплектация:
• кровать-чердак (спальное место: Ш800хД1900 мм., без матраса)
• письменный стол, размеры: Ш1330хГ600хВ750 мм
• шкаф-купе для одежды
• стеллаж для книг
Основные параметры:
• Габариты: Д2235хГ840хВ1700 мм
• Спальное место: Ш800хД1900 мм
• Высота борта: 300 мм
• Ширина лестницы: 450 мм
• Рекомендуемая высота матраса: 50-150 мм
Примечание:
- Мебель универсальня, может быть собрана в лево- или правостороннем варианте.
Материал: Ламинированная ДСП, ступени лестницы - массив сосны, края лестницы, борта кровати декорированы противоударным кантом.",neutral
tr1991,"Сестренка совсем большая)) Последний звонок, на этот раз самый последний - 11 класс.",neutral
tr1992,"Прости, что не манты",neutral
tr1993,РОССИЯ-ЧЕХИЯ 4:1  КРАСАВЦЫ,positive
tr1994,почему удали какашку???,negative
tr1995,В НАС НЕТ СТРАХА!!!,neutral
tr1996,"Вид из моего окна, жесть как круто",positive
tr1997,"Хочу декоративного верблюдика🐪. Вот как чихуахуа, только верблюдика. Буду таскать его с собой на тренировки и научу, чтоб плевался в кого покажу.☺️😈😌🌺🌸 @ CrossFit Marine Bay",positive
tr1998,Откройте Интернет заново!,neutral
tr1999,"я правильно понял, что у нас теперь с Европой снова +2 часа всего разница?",neutral
tr2000,"Рив Гош, или несколько слов о воровстве.",negative
tr2001,"Давай со мной за звездами 🌟😍😌
Давай наберем их гроздями😇✨",positive
tr2002,капыць)) -реклама тонального крема)))))),neutral
tr2003,"Понял, да?)",neutral
tr2004,Макс Буркацкий в читальном зале на 14 этаже МГУ.,neutral
tr2005,Скоро приеду 😌,positive
tr2006,ищу на борт 4 человека!Сразу же отплываем!,neutral
tr2007,А эту слышал с физрука?😊,neutral
tr2008,Счастливые и красивые! Девочки мои!))),positive
tr2009,как быстро можна до 5 лвл дакачатся?,neutral
tr2010,"Представитель какого-то американского издательства предложил купить несколько моих фото под а4 календарь, как вы считаете, оно надо?",neutral
tr2011,Ты самая классная....,positive
tr2012,"[id18510949| - этот человек, ворюга поганая!!!",negative
tr2013,"Имейте единицы друзей, но достойных💋",neutral
tr2014,авочка-бенч!!!,positive
tr2015,4 минуты: полет нормальный.,positive
tr2016,Вопрос для Владимира Вольфовича: В чем квинтэссенция потенциальной основы вашей весьма одиозной парадигмы политической амбивалентности?,neutral
tr2017,Виктор Илюхин о Евреях,neutral
tr2018,"Я знаю, где твое самое безопасное место на свете . - Где? - За моей спиной..",positive
tr2019,куплю 1 нож для бумаги,neutral
tr2020,"- Ты куда, а?
- Как всегда на тренировку.
- Ты же сказал, что нет сил стоять на ногах.
- Но это не значит, что я не пойду на тренировку.",neutral
tr2021,Ребята мы ведь можем по 4 часа в день трудиться. нас рабски используют.Платят медный грош или совсем забывают заплатить.,negative
tr2022,"#горит #зил
склад покрышек знатно коптит",neutral
tr2023,Юта. Ну или что там в нее вселилось....,neutral
tr2024,Лови позитивчик от ♥  ♥,positive
tr2025,Не переступить бы тонкую черту между студентом и рядовым))),neutral
tr2026,"Бесят мудоебы, которые говорят о чем-то со стопроцентной уверенностью. Это же пиздец. Причем так могут говорить только о том, чего они в жизни не знают. Я вот, например, стопроцентно уверен, что такие люди долбоебы и пидарасы.",negative
tr2027,"Женщина всегда должна любить человека выше себя, или она должна быть так обманута, что поверит в это.",neutral
tr2028,"Ну, лицемерные, лживые, подлые суки, отвечайте!
Добропорядочные и правильные тоже отвечайте!",negative
tr2029,"Когда пытаешься сватать подругу, а она в ответ:",neutral
tr2030,"- Отдать тебе любовь?
- Отдай.
- Она в грязи.
- Отдай в грязи.
- Я погадать хочу.
- Гадай
- Еще спросить хочу.
- Спроси.
- Допустим, постучусь.
- Впущу.
- Допустим, позову.
- Приду.
- А если там беда?
- В беду.
- А если обману?
- Прощу
- ""Спой!"" - прикажу тебе.
- Спою.
- Запри для друга дверь.
- Запру.
- Скажу тебе: убей!
- Убью.
- Скажу тебе: умри!
- Умру.
- А если захлебнусь?
- Спасу.
- А если будет боль?
- Стерплю.
- А если вдруг стена?
- Снесу.
- А если узел?
- Разрублю.
- А если сто узлов?
- И сто.
- Любовь тебе отдать?
- Любовь.
- Не будет этого!
- За что?!
- За то, что не люблю рабов.

-Роберт Рождественский",neutral
tr2031,"Береги тех, кто рядом, цени того, кто забыл свою гордость ради тебя, кто многое прощал и всегда ждал... Бог посылает нам таких людей лишь однажды.",positive
tr2032,"Для моей подружки
мягкая игрушка...",neutral
tr2033,"Назарий, привет! Я выбирала между тобой и Ярославом. Ответ смотри здесь:",neutral
tr2034,"Учредительное собрание ""Левой оппозиции-Крым"". Основа",neutral
tr2035,"""Там,где тебя нет""",neutral
tr2036,"Привет! Твою авку протестировали на сексуальность!
Вероятность секса с тобой на первом свидании - 93%! Остальное можно узнать в приложении ;)",neutral
tr2037,И в Крыму зима*❄❄❄,neutral
tr2038,"А вот и результат совместной работы  
А также спасибо за работу парикмахеру Ирине  
make-up: Kate Gurina
Часть 1 с Ксюшей 
^_^",neutral
tr2039,Хочю влюбится на всегда  в ту которая полюбит и меня ))))))))))))),positive
tr2040,Шикарная украинская песенка)))))),positive
tr2041,Чудовище 2-ой сезон! Скоро!,neutral
tr2042,"Конкурс! Друзья, кто угадает курс доллара/евро на 31 декабря получит 100 рублей на телефон!",neutral
tr2043,Злишь меня,negative
tr2044,вот после этой видашки поймешь рисунок про торреса),neutral
tr2045,Я сдал все сессии😭😰😱😨,positive
tr2046,я думал они уже вымерли..,neutral
tr2047,"Да, пожалуй это единственный способ.",neutral
tr2048,я вернулся)))),positive
tr2049,Как Вам?))),neutral
tr2050,международному женскому дню 100 лет!,neutral
tr2051,пусть земля будет пухом...,negative
tr2052,Тебя марина за такие картинки опять отлупит!!! камикадзэ херов))),negative
tr2053,"Загородный отдых под Лугой снова откладывается, но альтернатива более чем увлекательна: мне предстоит марш-бросок в Финляндию - по-быстрому, на один день. До рассвета старт, после заката - финиш. Поспать толком не пришлось, но надеюсь вздремнуть в машине.",neutral
tr2054,Меня Эвальд заставил!!!!,neutral
tr2055,"Я ДВА С ПОЛОВИНОЙ ЧАСА ФИЛЬМ СМОТРЕЛА, А В ИТОГЕ ЧТО - ДИ КАПРИО УБИЛИ??? ИДИ ТЫ НАХРЕН МАРТИН СКОРСЕЗЕ!!!!!",negative
tr2056,"Чего-то хочется такого... Не понятно чего..
Может мяса?..",neutral
tr2057,"Кек, картинку с орленка спиздил, во даун
P.s. Ну а Николай для илиты",negative
tr2058,Он нашел себе  самочку,neutral
tr2059,Бля да ты ебнутая на голову.,negative
tr2060,В добавок к американской годовой шенген от  немецкого посольства,neutral
tr2061,скотчем заклей мои-твои поломки!!) да чувствую сдашь ты мунициальное),neutral
tr2062,"В прошлом году взял свои 700, добавил кредита 1200 и отдал деньги в котлован :) 

На данный момент есть две новости: хорошая и плохая :)
Хорошая: кредит погасил сегодня :)
Плохая: ГосСтрой еще даже котлован не вырыл. Сволочи.

Надо было доллары покупать или Крузак 200й )",negative
tr2063,"Урааааааа!!!!!!!!! Сегодня сдал последний экзамен и получил статус от Microsoft: MCSA
Следующая цель - статус эксперта MS  BI!!! :)",positive
tr2064,Черно-белые фотографии показывают душу😃,neutral
tr2065,"Держи ""Защитник""! На ""Войне"" пригодится...",neutral
tr2066,Теперь ясно зачем нужна вышка),neutral
tr2067,"Как у Меладзе: ""Она была актрисою.... а зрителем был я"". Сегодня зрителем был папа. Он озадачен моим желанием учиться на актерском. Но больше озадачен решением мирового финансового кризиса.



#непотерятьсвязьсреальностью
#искучноигрустноинекому",neutral
tr2068,с удовольствием приглашаю на премьеру спектакля!,positive
tr2069,Мы ваще крутые,positive
tr2070,Ура!!!вот и второй ВУЗ уже позади!!!!!!,positive
tr2071,"Лучший друг - это человек, который выскажет тебе в глаза все, что его в тебе бесит, а всем скажет, что ты самый замечательный человек на Земле.",positive
tr2072,"Секс с любимой женщиной подобен удовольствию от питья редкого коллекционного вина. Секс со случайной подругой - это как напиться самогона. Мужчины это прекрасно понимают, но пьют, гады, все что попало!",negative
tr2073,"самовыражайся,тока не с куривайся и не с пивайся)",neutral
tr2074,"ЭТО ПИЗ**, ТОВАРИЩИ!!!!!!!!",negative
tr2075,"Эти каменные изваяния, напоминающие слонов, находятся в Иордании, в ущелье Сик, главном входе в древний город Петра.  Ветер и время поработали над песчаником, хотя точно сказать  нельзя, кто автор этих слонов  - ветер или  все же человек.  Цвета - желтый, оранжевый с переходом в красный - природный цвет песчаника Петры.",neutral
tr2076,Совершилось! Наш Бог благ!,positive
tr2077,Ну и начнем год с мимишек ),positive
tr2078,Осталось 262))) Меньше половины))),neutral
tr2079,Бесят жлобы!,negative
tr2080,"работаю в ""Газпроме"")) -все четко, нравится!!",positive
tr2081,3 экзамена. на подготовку 14 часов.,negative
tr2082,вот Пинки вот и Брейн,neutral
tr2083,С мамыной работы попросили меня нарисовать что-то к Новому году. Вот что получилось. Как вам?,neutral
tr2084,"Омг! Я написал хорошую заметку на кпк но вк решил обновиться и все стерлось!!(((
Поэтому я просто оставлю тут 4 панорамы с одного из самых больших небоскребов в мире-Empire State Building (на статую свободы билеты заняты до 27ого числа) а вы полюбуйтесь одним из самых захватывающих видов которые мне только довелось посмотреть!
ЗЫ фото выкладываю как есть, ибо оценить сам что получилось не могу (
Приятного просмотра,а я пойду допью свой лимонад -Р",positive
tr2085,"˙·•●♥ В ПЯТНИЦУ оформляю заказы по босоножкам, туфлям и сумочкам! Присоединяйтесь!!!;) ♥●•·˙·",neutral
tr2086,Репертуар на предстоящий Год лошади!!)),neutral
tr2087,"Рабы системы, узники  социальных   систем.",neutral
tr2088,"Понятно ли вам, о чем эта картинка?",neutral
tr2089,Дима умер в январе,negative
tr2090,девочки JazzFunk для вас :*,neutral
tr2091,Бревна мои))))),neutral
tr2092,Весна пришла. На дорогах повылезали первые табуреточники.,neutral
tr2093,"Когда мы говорим, что скучаем по лету, мы вряд ли представляем себе море, песок, солнце, пляжи. Мы думаем о том, кто был с нами. И все-таки очень приятно называть таких людей летом.",positive
tr2094,От души зачитал....,positive
tr2095,"УКРАИНЦЫ, ВЫ УБИЙЦЫ.  КАК ВЫ БУДЕТЕ ДАЛЬШЕ ЖИТЬ НА ЗЕМЛЕ ПОСЛЕ ВСЕГО ЭТОГО. КАК ВЫ БУДЕТЕ СМОТРЕТЬ В ГЛАЗА СВОИМ ДЕТЯМ И ВНУКАМ.  ОСТАНОВИТЕ УБИЙСТВО МИРНЫХ ЛЮДЕЙ. НЕ ПУСКАЙТЕ СВОИХ ДЕТЕЙ УБИВАТЬ НАСЕЛЕНИЕ. ГОНИТЕ ПРОЧЬ ЖИДОВСКУЮ КИЕВСКУЮ ХУНТУ, КОТОРАЯ ВЫПОЛНЯЕТ ЗАДАНИЯ МИРОВОГО ЖИДОВСТВА ПО УНИЧТОЖЕНИЮ НАСЕЛЕНИЯ УКРАИНЫ. ОНИ ЗАПЛАНИРОВАЛИ СОЗДАТЬ В УКРАИНЕ НОВОЕ ХАЗАРСКОЕ (ЕВРЕЙСКОЕ) ГОСУДАРСТВО.",negative
tr2096,Прости меня и я тебя прощаю!,positive
tr2097,"Вот это погуляли..хDDD
запомню на долго!!",positive
tr2098,Игорян на свой др хоть проставился?),neutral
tr2099,Выходной Пейнтбол:),positive
tr2100,Глеб Самойлоff & The Matrixx стали победителями в номинации АЛЬТЕРНАТИВА ГОДА по версии “Звуковой Дорожки”.,neutral
tr2101,Вот так правильно...,neutral
tr2102,Плюшевый проект - начало!!! Работа самого известного на Юге России мастера - Беличенко Виталия!!!,neutral
tr2103,как можно это не любить?,neutral
tr2104,"""Паук и буллщит""",neutral
tr2105,помнишь я те рассказывал))),neutral
tr2106,люблю тя зараза ты мая:****,positive
tr2107,"Пока 40 школа не видит:Р
#последнийзвонок",positive
tr2108,Дорогая моя не разболейся лечись что бы завтра вышла в школу!!! Люблю тебя=*,positive
tr2109,"#3plet Мы сделали это! Теперь альбом Olga Scotland в новейшем формате 3plet приложениях google play и App Store. Что-то вы уже слышали, но есть и новые песни. Демо бесплатно, полное приложение требует оплаты. За графику спасибо Кате Беляевой, Марьяне Фунтиковой,﻿ Даше Карандашевой﻿ и и Беляевой , за художественный перевод Анне Новицой , за фотку Ларе Архиповой .  За идею и разработку спасибо Валерию Мифодовскому .
Для андроида: 
Для яблочников:",neutral
tr2110,"Я искал тебя в спальне моей мамы,но не нашел тебя.",neutral
tr2111,"У меня новая ракетка!
Супер Пинг-Понг!",positive
tr2112,Назови дату и время))),neutral
tr2113,Сегодня мой лучший друг купил квартиру. И планировка и качество на отлично!!! КССК.,positive
tr2114,Na'Vi VS DaReR в 19:00 запасаемся пивом и чипсами,neutral
tr2115,снова дома. отдохнувший)),positive
tr2116,вот эта качает,positive
tr2117,"половина статусов из интернета мне не подходят, просто я не курю да и в отношения все хорошо)",neutral
tr2118,это про выксунские дороги),neutral
tr2119,"Так-с, за ВикиПедию уплочено :) Следующим пунктом - по-честному купить пару на халяву поставленных прикольных Ондроед-игрушек у меня в телефоне (все ленюсь пойти разобраться, как там все это работает).

Никто случайно не пользовался Matching Gifts Program-ом? Наша контора тут есть:",neutral
tr2120,"Вот бывает вяжешь-вяжешь, и что-то не нравится в итоге...распускать или не распускать? Вот в чем вопрос...",neutral
tr2121,Хороший вечер с друзьями),positive
tr2122,Тварь засуетилась .,negative
tr2123,эта малютка напоминает тебя)))))))),neutral
tr2124,Тема хорошо палучился как это было давно)),positive
tr2125,Я уже 2 года ВКонтакте!,neutral
tr2126,"Друзья мои, я номинирован на конкурс ""Студент года - 2014"", прошу Вас проголосовать за меня. Для этого нужно перейти по ссылке
   и оставить комментарий под моей записью. Подробные правила голосования присутствуют на сайте. Здесь важен голос каждого человека!
Голосование пройдет с14 февраля по 16 февраля  (24.00) 
P. S. также нужно сделать максимальный репост этой записи.",neutral
tr2127,Люблю Олюшку)),positive
tr2128,"Почему ???????😐

(На то что ....ты написала в лс )",neutral
tr2129,Почему то эта😂,neutral
tr2130,Когда припретесь уже?),neutral
tr2131,😊Опубликовано фото в Instagram,neutral
tr2132,"Про пианистов.

Так бывает (вы, верно, знаете), когда идешь к морю по городу, по асфальтированной его части, где еще проложены дороги и тротуары, и в нужном месте сворачиваешь на берег, разуваешься, шагаешь босиком и тот час попадаешь в мир других физических ощущений: под ногами рассыпается теплый песок, мелкая галька колит пятки, между пальцев затекает морская вода из мелких лужиц вдоль моря, самые длинные волны достают до тебя пеной вперемешку с песком. Сразу все меняется.
Такой Коля Сизов. Я едва успела войти в клуб и не очень-то прислушиваюсь к музыке, пока беру пиво в баре и здороваюсь с кем-то, а под ногами уже рассыпается знакомый теплый песок. И все тот час меняется, это даже физически другие ощущения.

P.S. Коля Сизов - это Николай Сизов, петербуржский джазовый пианист.",positive
tr2133,любимый мой=*,positive
tr2134,"Остановите осень,зимовать не с кем.........",negative
tr2135,"ладно
буду порядочной :DD",neutral
tr2136,"Моему ящику в Яндекс.Почте 10 лет, и мне подарили 10 ГБ на Яндекс.Диске",neutral
tr2137,сделаю тебе день),positive
tr2138,"Блин, Девы.. Не грустите.. Вам срочно нужно душевное тепло, крепкие объятия и немножко вискарика для дезинфекции сердечных ран..)))",neutral
tr2139,"Инферно, помним, любим,скорбим...",negative
tr2140,комната-мечта для... ;),positive
tr2141,У тебя нету случайно 2-го трэка из этого видео ???,neutral
tr2142,"Короче. Кто хочет принять участие в записи КАССЕТЫ кое чего прошу отписаться здесь. Просьба тем кто умеет играть на муз.инструментах не беспокоить. Нам нужны те, кто умеет нести всякую больную чушь, орать, визжать как резаный, изображать оргазм,блевать",neutral
tr2143,"Подумал, понравилось, подумал еще раз:)))",positive
tr2144,я не могу без тебя слышиш не могу немогу ночами спать слышиш не могу немогу писать и есть тоже не могу я без тебя как  свеча тухну на ветру,negative
tr2145,"прокритикуйте мою запись только чесно, я не обижусь)))",neutral
tr2146,МЫ ЛУЧШИИИИИИИИИИИИИИИЕ!),positive
tr2147,"Вчера вечером забираю Илью из садика и он мне рассказывает:
-Мама меня сегодня Оля целовала, она мне все сделала, теперь она моя невеста и я хочу купить ей красивую заколку!
Я про себя посмеялась почти до слез. Мальчишечки такие наивные, обожаю их))) Как мало мужчине надо для счастья, всего лишь внимание женщины. Теперь у нас невеста есть и придется купить красивую заколку)))",positive
tr2148,"Теперь у  меня есть котик,  Фенчик =)",positive
tr2149,"Что это тут за женский флэшмоб?)))
Прям аж завидно)))",neutral
tr2150,"Мы живем в мире, где улыбка уже не значит хорошее отношение к тебе. Где поцелуи совсем не значат чувства. Где признания не значат любовь. Где каждый одинок и никто не старается это изменить. Где
слова теряют всякий смысл, потому что несут ложь.",negative
tr2151,"Железо так говорило магниту: больше всего я тебя ненавижу за то, что ты притягиваешь, не имея достаточно сил, чтобы тащить за собой! 

Фридрих Ницше",neutral
tr2152,Летние ночи),positive
tr2153,Скачут пидоры.,negative
tr2154,Весна..Любовь...Счастье...,positive
tr2155,Вечер с любимой)))😘💓,positive
tr2156,"Счастье - это когда она, которую не разбудить ни одним будильником, просыпается от того, что ты перевернулся на другой бок и перестал ее обнимать)) (Это про меня!!!)",positive
tr2157,"узнаешь,сьемки в даре были)))",neutral
tr2158,"Ювентус уже гонку за скудетто закончил,милан выйграл,ебаните хоть вы шейхов,хоть душа порадуется",negative
tr2159,"Что у вас нового?
У меня новая цепь на велосипеде))",neutral
tr2160,"Сеанс связи Оксфорд- Краснодар. Люблю тебя, киса.",positive
tr2161,Свершилось!),positive
tr2162,"Свершилось! ))) 24 часа родов - и наша дочка теперь С НАМИ, а не в моем животе))))) Слава Богу за все!",positive
tr2163,"конечно!все официально!=)
через пару месяцев",neutral
tr2164,индексация есть.,neutral
tr2165,радостная новость,positive
tr2166,"Влюбленный Телец полон нежности, романтики и упорства. Мужчина-Телец способен каждый день дарить цветы и делать своей возлюбленной подарки. Как правило, такая тактика оказывается верной - женщина сдается, не в силах противостоять натиску упорного Тельца. Телец настроен на серьезные, крепкие отношения, а в идеале - на брак, который будет длиться всю жизнь. Связав свою жизнь брачными узами, Телец будет верен, надежен и всецело",neutral
tr2167,"Нажми на ссылку, похихикай!))))",positive
tr2168,"Слушаем и комментируем новый трек. Ставим лайки и рассказываем друзьям. 

Звукозапись - vk.com/t_predator
Сведение - vk.com/id85066780
Дизайн - vk.com/slomo
Исполнение - vk.com/yrezim",neutral
tr2169,"11 февраля в Москву на Iron Maiden, информация подтвердилась!)",positive
tr2170,Рецензия на мой трибьют Аквариуму,neutral
tr2171,Кремлевский клоун унизил беременную женщину!,negative
tr2172,Кривой и эгоистичный постерок:),negative
tr2173,А вот и весна.,positive
tr2174,"- Вы уже женаты 29 лет. Какой секрет удачного брака ?
- Я стараюсь не выпускать свою жену с кухни. Если у твоего соседа трава зеленее - это значит, что ты не поливаешь свою траву. Я непрерывно говорю Лизе: ""Твой борщ великолепен. Он желание моего желудка. Ты превосходно ебашишь борщи"". Для чего я это делаю ? Во-первых, это помогает ей готовить больше борща. Во-вторых, это помогает моему желудку быть всегда влюбленным в ее борщ. Сила и жизнь во власти живота. Лизе сейчас 51 год. Недавно она была в Киеве и один повар научил ее готовить котлеты по-киевски. Она сказала ему, что уж теперь-то она точно никогда не выберется с кухни. 
Запомните, женщина является отражением любви своего мужа к борщу. 
Джон Бивер.",neutral
tr2175,"ты бросаешь мне вызов, барабаньщица?)",neutral
tr2176,"Дешво и серьезно) Наташа: блондиночка, 90*60*90, Голубые глазки, голова не болит, много не говорит) Женщина мечта)",positive
tr2177,От Петербурга откололся Васильевский остров,neutral
tr2178,"Вы зарегистрированы по адресу
Смоленская область, город Смоленск, Ленинский район, Пржевальского улица, 1/5

Ваш избирательный пункт: ИУ №535
Новгородская область, Шимский район, поселок Шимск, Ленина, 8а",neutral
tr2179,"ВНИМАНИЕ! 
Всем жителям Украины, которые до 30.04 не перейдут при общении в соц. сетях и общественных местах на украинский язык, не вывесят на балконе украинский флаг и не приведут личное транспортное средство в соответствующий национальной символике внешний вид, будет предъявлено обвинение в сепаратизме в соответствии со ст. 110 УК (от 3 до 5 лет лишения свободы)",neutral
tr2180,Волк и хрюша,neutral
tr2181,пойдем бро,neutral
tr2182,балдею от этой песни))),positive
tr2183,"Не верю. Просматривая эти фото - обратил внимание на цвет формы солдат и полицейских. На некоторых фото - она абсолютно черная, и только некоторые детали цветные. Словно взяли и раскрасили чернобелые фото. Матросы сидят... у одного гюйс синий, у дргого черно-белый. Охотники на привале: форма всех абсолютно черная, в одном стиле... даже сапоги и шинели... и сюртуки... это точно раскраска.",neutral
tr2184,"Ага,выпал...кто то выдернул!!!",neutral
tr2185,Чернобыль. г. Припять. Мутация. Съемка с патрульного вертолета,neutral
tr2186,Для тебя смогу найти все,positive
tr2187,"Сегодня был замечательный концерт. Посвященный Дню Защитника Отечества. Все было, по первому классу. Президент с речью выступил. Шойгу в хорошем настроении)) Весь кабинет министров. И все командующие оперативными управлениями Генерального штаба РФ. Ну и + много светской дивности.
В общем спать осталось мало, в 10.30 уже построение в Александровском саду. И снова в Кремль на концерт, но на этот раз, в Президентском полку.",positive
tr2188,Тоесть можно было смотреть??,neutral
tr2189,Уже дома!!! На днях дропну машину,positive
tr2190,ну что сделал слепок переднего?)),neutral
tr2191,"Я смотрю все такие невхерственные и крутые, а любого прикуй наручниками к батарее, встань напротив с бейсбольной битой, и куда денется вся эта невхерственная крутизна? А? В штаны, вместе с адреналином!",negative
tr2192,смотри какой),neutral
tr2193,ссылка ниже,neutral
tr2194,"Если двум людям суждено быть вмeстe, нe вaжно сколько рaзлук, слез и бeд они пeрeживут, судьбa их все рaвно соeдинит...",neutral
tr2195,Аня смотри,neutral
tr2196,куплю 5 чертовщины на 3 метлы 1 клиновый лист 1 пепельницу 1 бедомишку бутылку яда и пиковая дама,neutral
tr2197,"иногда бывают моменты, когда остаешься одна, достаешь разом все семейные альбомы с фотографиями и рассматриваешь, узнаешь больше о семье, изучаешь, связываешь какие-то моменты прошлого с настоящим. видишь, например, какую-нибудь фотку из маминой бурной юности и понимаешь, почему сейчас у нее нос с горбинкой. или почему бабушка никак не выкинет ту жуткую кожаную куртку с заплатами - папа когда-то носил. или я вот на детских фотках совсем блондинка. теперь хоть понятно, почему я такая дура.",neutral
tr2198,"шо бухарик, когда гос?))",neutral
tr2199,"Можно завоевать девушку даря ей каждый день цветы ,отправлять по 20 смс,звонить по четыре раза в час,спорить о том кто первый положит трубку.
И для чего? 
Чтобы потом каждый раз оправдываться что ты не нашел где купить, или у тебя нет денег на цветы,злится от постоянных звонков и вопрос почему ты не звонишь,выслушивать что ты раньше был внимательным писал ей часто а сейчас не уделяешь ей внимания.
Так лучше изначально ни кем не претворятся что бы потом не оправдываться",neutral
tr2200,"фак йеа, у меня теперь свой собственный сайт! конечно только временная страница, еще много работы, но начало уже положено.",positive
tr2201,"Не стоит обижаться на людей за то, что они не оправдали наших ожиданий..мы сами виноваты, что ожидали от них больше чем следовало!!!",negative
tr2202,ЭТО ДЛЯ ТЕБЯ ТЫ ЭТОГО ДОСТОИН!!!!!!,positive
tr2203,"Холодно...но мое солнышко всегда рядом, греет меня своей улыбкой и задорным смехом)))",positive
tr2204,Ты знаеш что ты самый крутой бараба нщик?,positive
tr2205,"Я не могу жить и работать, пока в интернете есть страница с моим именем. Счастливо оставаться, безвольные овощи!",negative
tr2206,Какие лучшее?!,neutral
tr2207,Всегда готов!,neutral
tr2208,"Настюша, я тебя обожаю!;) ты самая лучшая, классная, добрая, милая, безумно КРАСИВАЯ!!!:) иногда мы ведем себя как дибилки и ржем без остановки!* я тебя люблю, ты самая лучшая подруга!*",positive
tr2209,"Да что за долбанный год,сначала Костя(друг мы тебя никогда не забудем),затем японцы(держитесь,мы душой и сердцем с вами) а теперь Малафеева (Слава держись).Я вообще в АХУЕ.Если так дальше пойдет то лучше сразу с небоскреба прыгнуть.",negative
tr2210,"вспомнила, как пели с тобой Дилера в машине и вспомнила вот это из того времени",neutral
tr2211,"Колька,статус называется""повзрослел"":))",neutral
tr2212,"Че за хуйня? Какие нахуй товарищи, какое досье?!",negative
tr2213,Не надо множить сущности без должного на то основания.,neutral
tr2214,"Ну почему все так, почему у меня нет друзей))))))",negative
tr2215,я всемогущая я нашлааа)),positive
tr2216,жара... мать ее... и охото дождя .. мать его.,negative
tr2217,"смотрим до конца, в конце ждет мировая песенка=)",neutral
tr2218,а вот инопланетяне выходят на межгалоктический контакт,neutral
tr2219,"""Реал Мадрид"" - ""Манчестер Юнайтед"".""",neutral
tr2220,Воть для тебя нарисовала)),neutral
tr2221,"Вода гасит взрыв динамита, поэтому, если взорвать его на дне водоема, ни один блок не разрушится",neutral
tr2222,Фоткаю еду и выкладываю в вк... Сижу с айфона... Время задуматься... Может еще и в зеркале фоткануться? 😆,neutral
tr2223,Теперь я прощен? ),neutral
tr2224,ну ты и АЛКАШ  =))),negative
tr2225,Было 5 утра @ M bar,neutral
tr2226,ОБСЕ заметила в Макеевке движение БТР без опознавательных знаков,neutral
tr2227,Найди себя :),neutral
tr2228,сАМ тАКоЙ!!!),neutral
tr2229,забыл меня не любишь(((,negative
tr2230,послуш....как тебе?,neutral
tr2231,тебе для поднятия настроения солнышко**))))),positive
tr2232,Саня Боссито мой дорогой...я хочу украсть у тебя статус с аавой!????:*)мур,neutral
tr2233,Дочур я к тебе с вкусняшками зашла!,positive
tr2234,"Закончено! Итого: 7 часов, краски осталось еще на 2 такие картины и Море удовольствия! Давно так не увлекался!",positive
tr2235,зачем топтать мою любовь,negative
tr2236,Отличный рассказ. Получил море удовольствия. :),positive
tr2237,где-то в пределах Нью-Йорка курсирует он :) человек который изменит мою жизнь навсегда ;),positive
tr2238,такой счастливый),positive
tr2239,ололошеньки,positive
tr2240,у меня в понедельник свадьбаааа)))))!!!!!!!!,positive
tr2241,"посмотри первые минут 10, может себя увидиш!=)))))",neutral
tr2242,"Мне одной кажется, что математика это не мое???????🤔🙄😒😩😱💡📚❌❗️❕❗️➕➖➗✖️What????",negative
tr2243,походу не мое быть постоянно двоем!!!!!!!!!,negative
tr2244,"Давай вставай соня!!!!!!
 У нас седня очень важный ответственный день!!!!!!!!!:-D:-*",positive
tr2245,Алтайские журналисты принимают поздравления!,neutral
tr2246,Крутой парень решил сделать себе тату,positive
tr2247,"Моя подборочка песнях для нг настроеньица, от которых бренное тело ритмочно пошатывает :3",positive
tr2248,Зайка ты оченььь красивая .... Солнышко будь всегда такой яркой!,positive
tr2249,Как много сделано шагов - и как мало пройдено дорог...,neutral
tr2250,глянь може понравиться),neutral
tr2251,"Кругом обман,кругом обман.Уйду в туман,уйду в туман...)))",negative
tr2252,1111 говоришь?),neutral
tr2253,Проверка на вшивость,neutral
tr2254,Лучшая рок-группа мира. Я голосую за: The Offspring! А ты за кого?!,positive
tr2255,"С.Федоров Тройка, С.Федоров Бразильская шутка , исп - Грицаенко Арина  домра ,Норильск , 8 кл, препод. Н.Федорова, С.Федоров",neutral
tr2256,Просьба: покидайте мне каких-нибудь мотивирующих песенок.,neutral
tr2257,Малышу нужно имя!,neutral
tr2258,Только одна измена достойна уважения - измена своим принципам ради близкого человека.,positive
tr2259,"Почему люди в контакте любят хвастаться своим счастьем? Ничего особенного, у каждого оно есть.",negative
tr2260,"Задним числом, инет не мог настроить. 26 августа отправился в свой второй дом)",neutral
tr2261,на сон грядущий,neutral
tr2262,Как же хреново болеть:(,negative
tr2263,"1 бой: поражение, 2 бой: досрочная победа, итог: 3 место на чемпионате в Новотроицке в категории юниоров до 70 кг",neutral
tr2264,"Ни Раем, ни Адом
Меня уже не смутить.
В лунном сиянии стою непоколебим.
Ни облачка на душе...",neutral
tr2265,Уже бабочки проснулись! Весна очень близко!,positive
tr2266,"говорят что если девушка пишет первая,то это что-то значит..хм..интересно, а она напишет !?",neutral
tr2267,привлекательно,positive
tr2268,"""Третий раз пытались выйти, безуспешно. Вице-консула так же удерживают, вылили на него воду, обматерили, включая нашу страну, отталкивают, провоцируют. Жена одного из поставщиков накинулась на вице-консула, после чего инсценировала, что он ударил ее, упала, забилась в истереке, все это снимали на телефоны рабочие""
Нужно что-то срочно делать! Полиция бездействует, стоит и наблюдает.",negative
tr2269,Наконец-то сваливаю из Москвы!!!!,positive
tr2270,"фото одного пикапера 
главное сделать лицо, так и говорящее: ""Детка ,я тебя съем""",neutral
tr2271,"ахуенно ,блеать,я попал под дождик...",negative
tr2272,"О том, как женщины меняют мужчин:)",neutral
tr2273,"всем привет,есть такой вопрос)кто подскажет как часто появляется инквизитор?)))",neutral
tr2274,"Поскольку обратного билета у меня нет, а купить его невозможно, стартую в Питер завтра утром на попутной машине. Не удалось растянуть четверо суток на пять дней, но и то, что случилось здесь со мной - уже очень много! Отдохнул великолепно!",positive
tr2275,"Это каким нужно быть мудаком, чтобы врубить в 7 утра Кадышеву и гонять ее на весь подъезд до сих пор???",negative
tr2276,"Просто супер! Ребята, где найти песню, которую поет Данил, 14-лет?",positive
tr2277,сегодня 8 сентября всемирный день поцелуев !!!,positive
tr2278,Выходные??? Не знаю...Не пробывал....,negative
tr2279,Очень про нас.,neutral
tr2280,огонь они)),positive
tr2281,Идет голосование за лучший университет. Я проголосовал за ГУИКТ! Проголосуй за свой универ!,neutral
tr2282,чудесный ремикс.,positive
tr2283,ты для меня:*я для тебя:*,positive
tr2284,пристрели меня,negative
tr2285,Замечательные выходные)))),positive
tr2286,"пап,я люблю тебя очень!!!очень!!",positive
tr2287,Наконец то.,positive
tr2288,спать бигом,neutral
tr2289,Мой сладенький:),positive
tr2290,"отпиздил бабушку
свою",negative
tr2291,Видимо Георгиевская ленточка.,neutral
tr2292,"Привет! Я поклонник телепроекта Холостяк, я не сказал телешоу. Я искренне верю что это правда, выбирайте  Ирину-женственная, красивая, умная и добрая, смелая идеал женский! Олеся тоже достойна все качества у нее тоже есть!Но Ира у тебя шансов больше ты моложе, с тобой страсти больше.",positive
tr2293,Fabriano. Рынок. Продавец шерсти.,neutral
tr2294,Сестра поставила меня в тяжелое положение: мне надо выбрать. Просьба не проходить мимо!,negative
tr2295,вот тебе маленький подарочек от меня*,positive
tr2296,"""Если ваш идеологический противник говорит здравые вещи, нужно его поддержать. Мне не нравится депутат Виталий Милонов, но когда он, консерватор, призывает запретить детские конкурсы красоты, я, прогрессист, с ним согласен.""",neutral
tr2297,"Просто за считанные минуты можно разрушить крепкие отношения,всего лишь из-за пару не правильно подобранных слов......",negative
tr2298,"Когда лень приходящую мелодию записывать нотами с правильным ритмом, если я уверен, что ритм не забуду, пишу ее так. На этом листке - вторая часть припева одной из будущих песен ""Два Д""",neutral
tr2299,"хочу этот концерт на DVD!под него собраться небольшой компанией, выпить, поиграть в монополию))",positive
tr2300,"мы будем скучать, Викуля 😔 😢 😢 😭",negative
tr2301,"уважаемые должники! если до среды с вашей стороны не поступит никаких звонков, сообщений  с прозьбами понять и простить то в четверг я публично начну выкладывать списки имен с фамилиями суммой долга и самое главное сроком сколько времени Вы тарчите бабла! надеюсь до этого не дойдет и выводы сами сделаете без моей помощи причем в дальнейшем ФИЗИЧЕСКОЙ! с уважением Андрей Викторович",neutral
tr2302,"В спецоперации по спасению российских летчиков в Сирии, погиб матрос Позынич Александр Михайлович.
За мужество, отвагу и самоотверженность, проявленные при исполнении воинского долга посмертно награжден орденом Мужества.

Александру было 29 лет, остались жена и двое детей.",neutral
tr2303,шо ты удаляеш?,neutral
tr2304,Зачем нужно высшее образование? / GTD / Хабрахабр,neutral
tr2305,"Когда нет друзей, день рождения отмечают в ночном клубе.
 Фредерик Бегбедер",neutral
tr2306,Танцуем под ... - - Белые розы,neutral
tr2307,хахаха ))),positive
tr2308,"Забрал твои портреты) представляешь, теперь твои работы в Канаде) невероятный каръерный рост)",positive
tr2309,Нургалиев объявил о победе над коррупцией в МВД,neutral
tr2310,Прекрасно!,positive
tr2311,почти нашел,neutral
tr2312,веду себя как тряпка..,negative
tr2313,на прошлой неделе сделал торт)),positive
tr2314,"Не важно сколько силы, главное
сколько храбрости.",neutral
tr2315,В Бишкеке несколько сотен человек штурмуют Дом правительства - Первый канал,neutral
tr2316,Что может быть прекраснее американской заботы?,neutral
tr2317,11 мая давала интервью каналу «РБК». Мои пять минут славы :),positive
tr2318,ПРОГУЛЬЩИЦА))),neutral
tr2319,"*ра сстроенно* по ходу, завтра хиппи, а не бел.лит :(",negative
tr2320,Ахаахаххахахаха,positive
tr2321,Первый раз рисую подобное=)  Замок,neutral
tr2322,"Подруга.
Я не знаю как ты меня терпишь.
Но спасибо тебе.",positive
tr2323,8 марта Женский день,neutral
tr2324,ахах ну как то так:D :**,positive
tr2325,"Улетел на 12 дней , буду 26 октября!!!",neutral
tr2326,Знакомьтесь это Бетси),neutral
tr2327,я когда смотрела у меня слезы наворачивались),neutral
tr2328,"Что-то я совсем перестал любить людей...Возможно это потому, что...",negative
tr2329,Ахах...ну да)),positive
tr2330,Мои крестники=)),neutral
tr2331,Мой мальчик,neutral
tr2332,"""устроили тут хаос понимаешь)"" не быкуй!",negative
tr2333,"Побеждает в этой жизни только тот, кто победил сам себя. Кто победил свой страх, свою лень, и свою неуверенность.",neutral
tr2334,"Практика по трем категориям, катер, моторка, гидроцикл, сдана! Осталось только в ГИМС за правами.",positive
tr2335,СПбГПУ: Олимпиады школьников,neutral
tr2336,не сдержалась),neutral
tr2337,"Этот замечательный голос умирает от рака. 
Помогите ей! Все реквизиты в их группе",negative
tr2338,"Утро бывает добрым? Хм,
наверное, когда просыпаешься
часиков так в 11 и любимая
сонная морда спит на соседней
подушке )",positive
tr2339,Бильярд с отцом. Чувствую себя ебаным нубьем. Непривычно.,negative
tr2340,"чтоб тебе из за 
леса, из-за гор, прилетел в eбло топор",negative
tr2341,Вышла погулять с собакой.... а тут кошка!!!,neutral
tr2342,Слова на твоей странице!,neutral
tr2343,Какой-то... идеальный что ли,positive
tr2344,зайка ти просто супер ....*))),positive
tr2345,Меня забанили на ЗИГА-КОТ за то что я всем расистам и нацикам - хуяцикам глаза на жопу натянул. Это был смешной опыт и я встретил таких вот персонажей...,negative
tr2346,"ебанько,ты че перья свои взъерошил и гребень поднял?",negative
tr2347,люблю вас)****,positive
tr2348,"Мала, удали все мои смс,плиз!!",neutral
tr2349,да от с Аней сидим фильм смотрим)а ты что?),neutral
tr2350,Последние летние денечки!,neutral
tr2351,"Всем кому интересны подробности и новости проекта, приглашаю подписаться на сообщество!) Идея в максимальной автоматизации ухода за домашними растениями с управлением и мониторингом параметров среды через интернет с любого устройства)",neutral
tr2352,"Зачем, тебе я?
Если мало места, если мы не вместе.
Зачем, тебе я?
Если мало места, если тесно,
Зачем, тебе я?...... (с)",negative
tr2353,ты должна это видеть),positive
tr2354,"Мне не нужен идеальный,мне нужен ты вредный,ревнивый но такой любимый:*",positive
tr2355,"Размеры: 41-46
Оплата при получении!",neutral
tr2356,"где лавочки, блять?",negative
tr2357,ахаххха не могу над такими:D,positive
tr2358,"Настоящая подруга, та которую не нужно просить о помощи, она всегда знает когда тебе плохо.",positive
tr2359,"Смотри в центр секунд 30 не моргая, потом куда-нибудь посмотри)))***",neutral
tr2360,[id141461280|С]   тобой круто каждую минуту.,positive
tr2361,"Одна буква, и сразу столько черного юмора Ж-)
З.Ы. Вероятно, слишком тонкого черного юмора Ж-|",neutral
tr2362,ты реально играешь?,neutral
tr2363,Югог-Западные Interzetчики!У вас у всех провайдер тупит в последнее время или нет?,neutral
tr2364,"[id64603281|Алена], это правда",neutral
tr2365,"261 ГРУППА, ВНИМАНИЕ!!! вот требования по практике!
18 июня всем в университет - защита практики!!!",neutral
tr2366,"ну смотри:нам надо обогнать Рому, Удинезе и Лацио.
у удинцев игры с лацио и маланом, где огут потерять очки, кьево скорее всего пройдут.
роме играть с миланом и сампой, где дай Бог набрать им 1 очко, пусть катанию проходят.",neutral
tr2367,Пусть жизнь будет сладкой!!!!,positive
tr2368,"пятничный митинг))) пока снега нет)))
резина уже не держит, но всеравновесело!
фото by hellomishka [ vk.com/hellomishka ]",neutral
tr2369,Ахаха рекомендую посмотреть Санек дал жизни )),positive
tr2370,Порочная любовь,negative
tr2371,Пуловер с каймой (вязание спицами),neutral
tr2372,"КОНКУРС!!! 

Приз: Mini-комплекс/когтеточка в ПОДАРОК!..

Правила простые:
1. Добавиться в Друзья: 
2. Сделать репост данной записи к себе на стену.

Победит Тот, у которого будет наибольшее кол-во репостов (более ста).
P.S. Для быстрого получения Подарка, просьба периодически самим оповещать меня о своем кол-ве репостов.

Желаю Всем Удачи!!! И Шикарного Настроения!)))",neutral
tr2373,не пишите смски на телефон!!все равно не смогу  прочтитать!!,neutral
tr2374,"Затопили! Коммунальные службы, вы наконец дали нам отопление, спасибо!",positive
tr2375,"Вернутся домой, передохнут и снова пойдут убивать",negative
tr2376,А мы катаемся! :) как в детстве классно!,positive
tr2377,"Мы снова постригли шкварку. Я в особом восторге от нашего усатого профиля. В глазах, конечно, печаль-тоска...",positive
tr2378,"/статус/
не удивительно, тварь..",negative
tr2379,"хуй его знает, что делать.",negative
tr2380,"Егорко)) 
мы завтра тебя будем рвать на британский флаг)))
готовься!!!",negative
tr2381,ВЕЛИКОЛЕПНО !,positive
tr2382,"В сухом остатке? 
Пыль... на книжной полке.
Поскольку ее некому стереть.

Закат по цвету так напомнил медь,
что давит на глаза, как пятаки...

Сегодня умирать мне не с руки,
но и просить отсрочку - мало толку.",negative
tr2383,"Денис, я оценила твой характер! Где посмотреть? Здесь -",neutral
tr2384,хочу енотика...,positive
tr2385,"день два. казачий хор спел, фонтан открыли, салют был, даже газманов сплясал. НО! акустика на театральной плоха, салют - не очень, транспорта нет, прокуратура как стояла, так и стоит. что за день города...",negative
tr2386,"сэнкс, песня классная)кстати, а чего ты коммент про золотого теленка и 12 стульев удалил?тебе понравились?",positive
tr2387,"блин как охеренно, уже час сижу за буком а он мне показывает заряд акб еще 6 часов)",positive
tr2388,дап степ идет нахуй,negative
tr2389,"Зарегистрировался в проекте от московских властей. Посмотрим, чего они навояли. Пока пару раз словил Ошибку 500..",neutral
tr2390,"ЛЮДИ! ЕСЛИ ВЫ СЕБЯ ЛЮБИТЕ ХОТЯ БЫ МАЛОСТЬ ПОСМОТРИТЕ!!!!!!
Правда об алкоголе. достаточно первых 10-15 минут, весь смотреть не обязательно!!",neutral
tr2391,Хорошо проведенный вечер в кругу семьи...,positive
tr2392,"Если растают ледники, ничего страшного,  мы готовы)",positive
tr2393,"это правда. простое ""ясно"" в ответ, это словно те6я взяли за волосы и хорошенько приложили лицом о6 стол.",negative
tr2394,"Так что ж там ангелы поют такими злыми голосами?

Удивительное чудо произошло  на горе Афон: случайно удалось записать на аудиомагнитофон пение ангелов.",negative
tr2395,С прессой..),neutral
tr2396,"Год назад, ровно год назад я, и еще очень много счастливчиков в этот день по настоящему поняли вкус свободы, радости. Почувствовали на себе, на своем теле(душа не понимала в чем прикол вообще) гражданскую жизнь😊 У всех по-разному сложилась, или сложится жизнь, но этот день будет объединять нас всех. ""Фаязов, куда ты собрался!!!"", ""ДОМОООООООЙ"". Ураааааа!!!",positive
tr2397,Где купить такой нож? )),neutral
tr2398,Жизнь прекрасна...=)) Надо радоваться не надо напрягаться!!!,positive
tr2399,вот что у меня за привычка.. людям спать не давать ^____^,neutral
tr2400,"Современным девушкам нужен парень с машиной и с большим кошельком. А мы, простые парни, уставшие после тренировки и с мелочью в кармане их не интересуем.",neutral
tr2401,Фишка в том что первый тащит второго на жесткой сцепке вдобавок))))))),neutral
tr2402,"Очевидцы, наблюдавшие полет пассажирского самолета Боинг 777, наблюдали атаку на него штурмовика ВВС Украины",neutral
tr2403,малиновый орбит,neutral
tr2404,"Когда кажется, что все идет против вас, вспомните, что самолет взлетает против ветра, а не по нему.",neutral
tr2405,"Когда плохо: Американка идет к своему психоаналитику. Японка уходит в себя. И только мы с подругами идем друг другу в гости..и..."" И СНОВААА СЕДАААЯ НОООЧЬ!!!,,,))))""",positive
tr2406,"Ну все. Теперь можно регистрироваться на ""Одноклассниках""",neutral
tr2407,С улыбкой на лице сломаем все эти системы.👍💪😂😂,positive
tr2408,ФДОУ!!! Экзамен по ГП переносится на сентябрь)))),neutral
tr2409,"с алгеброй, братюююнь, разобралась?",neutral
tr2410,Тоже ниче так,neutral
tr2411,"У тренера, все должно быть под контролем!)))💪💪💪",neutral
tr2412,"Я - девушка... 👸 нельзя меня Ругать, нельзя мне Bрать!!!
... Мeня надо любить, ❤целовать😘 и нежно-нeжно oбнимать.😋",positive
tr2413,Гриша хочет пожить у тебя!,neutral
tr2414,вертолеты ООН на Востоке Украины,neutral
tr2415,Явление Мавроди народу. Третье пришествие.,neutral
tr2416,На ВДНХ новый аттракцион),positive
tr2417,эх..люблю мандаринки=)),positive
tr2418,"Еще один год пролетел безвозвратно,
Его проводили мы вместе с тобой.
Мне рядом с тобою легко и приятно,
В глазах твоих вижу простор голубой.

Наташка, Наташка, я словно мальчишка,
В тебя, дорогая, влюблен.
Наташка, Наташка, такая интрижка-
Твоей красотою пленен.

И сколько бы не было прожито весен,
Тебя все равно я люблю.
Для нас наступила прекрасная осень.
Я каждый ее миг ловлю.

Наташка, Наташка, я словно мальчишка,
В тебя, дорогая, влюблен.
Наташка, Наташка, такая интрижка-
Твоей красотою пленен.",positive
tr2419,эта тоже шикарная...,positive
tr2420,"▲Выблюй романтику,детка ©▲ Блин, вот смотрю на него и думаю: какие же все-таки у нас детишки классные будут",positive
tr2421,Ты ахуенная и не слушай никого!!*,positive
tr2422,Концерт. Солдат 2012 2,neutral
tr2423,"Проголосуйте за моего ученика ""Kuleshov ""

Заранее спаибо!",neutral
tr2424,"Блин, я так и не купил себе ободок :))) Девочки, подскажите где вы их находите?)))",neutral
tr2425,"А по-моему, девушки никак не могут определится.

Сладкая ложь: - Ты худая (Думает что вы врете)
Горькая правда: - Ты жырная корова (А вот за это можно и преждевременный апокалипсис получить(хотя сама же просила горькую правду!!!)",neutral
tr2426,Журавлев с Саньком),neutral
tr2427,"Как пахнет марихуана? С первого этажа запах такой доносится, на керосин похоже, это оно самое? Голова аж болит",negative
tr2428,берлин зовет !!!! самый лучший фильм!,positive
tr2429,Долгожданный диплом!!)),positive
tr2430,для сьемок журналов харькова и киева приглашаються дети 1-10лет кастинг,neutral
tr2431,"Британия планирует разместить в Восточной Европе несколько сотен военнослужащих для сдерживания российской агрессии. 
Интересно как они сдерживать будут?",neutral
tr2432,"Норвегия, мечта моя😍 Когда уже наступит мое время приключений?",positive
tr2433,Тамбов пока до зимы! :-),neutral
tr2434,"Простите, но я просто не могу не рассказать это друзьям)",neutral
tr2435,"Те не кажеться что статус бред когда разабьешся что дальше, как добиваться будешь разбитым",negative
tr2436,ностальгия),positive
tr2437,Спокойная хорошая песенка))) Обожаю ее))),positive
tr2438,Пес и скрытая камера. Пока никто не видит!,neutral
tr2439,дааааааааааааааааааа=))),positive
tr2440,"Я за тебя готова все отдать,
 Все то,что было есть и то,что будет,
 Я лишь тебя готова вечно ждать
 И пусть меня за это все осудят.
 Я за тобой готова побежать
 На край земли,а может быть и дальше,
 Я лишь тебе стихи могу писать,
 А в них слова,что даже меда слаще.
 Я для тебя готова изменить:
 Прическу,стиль,мечты,свои желания,
 Я лишь тебе смогу всегда простить
 И боль,что причиняешь,и страдания.
 Я за тебя готова все отдать
 Все то,что было,есть,и то,что будет.
 Ты просто знай,что вечность может ждать
 Лишь сердце той,которая так любит...",positive
tr2441,"хреновое состояние, когда безумно хочется написать кому то, а сомневаешься нужно это делать или нет...",negative
tr2442,"Виктория, анализ твоего аватара показал следующие результаты! -",neutral
tr2443,весь мир говорит про это видео!,neutral
tr2444,что-то смутно знакомое..х),neutral
tr2445,"Однажды мне приснился сон, в нем я был персонажем книги...",neutral
tr2446,"Намик только что ответил на вопрос о тебе. Узнай, что он сказал!",neutral
tr2447,"РЕБЯТА, МНЕ 15 хд",neutral
tr2448,Слушаем и ставим коментарии))),neutral
tr2449,Фаенза вообще крутяк такой!,positive
tr2450,Мне надоело !,negative
tr2451,Самый приятный спор - кто кого больше любит...,positive
tr2452,"Вот так, друзья мои...
Называется - ищем 10 отличий!
Между фото 4 года разницы)))",neutral
tr2453,"- the Milky Way! Ошеломляюще красиво и реалистично! Можно найти тысячи звезд, галактик, планет, туманностей... рассчитать расстояния... 

Захватывает дух!",positive
tr2454,Какую поставить на авку?,neutral
tr2455,"Фууу, опять надоевшая ссаная Германия проходит. Поражений во всех следующих матчах!",negative
tr2456,"Когда кто-нибудь говорит «десять лет назад», вы все еще думаете о 90-х.",neutral
tr2457,Студенточки✏⏰📖📚,neutral
tr2458,ну не дебилы ли?,negative
tr2459,"говно-сеть x5retail group (владелица брендов Перекресток, Пятерочка, Карусель и т.п.) прибегла к темной стороне силы - бессмысленному и беспощадному русскому маркетингу. Сегодня я совершенно случайно обнаружил себя в группах, посвященных этим магазинам. Меня в любители Пятерочки записали без моего ведома и транслируют спам в ленту новостей друзей. Я чуть зуботычкой не поперхнулся.",negative
tr2460,"Если реагировать на все, что о тебе говорят, то всю жизнь будешь метаться между пьедесталом и виселицей.",neutral
tr2461,...Новенькое...,neutral
tr2462,Красота по-абхазски,positive
tr2463,наконец работа))),positive
tr2464,Это была жопа.......,negative
tr2465,"Иногда смотрю в зеркало и думаю ,что это не я , но когда вспоминаю тот объем работы ,который за плечами ...",neutral
tr2466,"Я - сложный человек. Со мною очень трудно.
Вчера была строга, сегодня - безрассудна.
Я каюсь и смеюсь почти одновременно,
С любимыми - раба, с влюбленными - надменна.

Я верю только тем, кто знает, кто есть я,
А значит, никому, по правде говоря...
Умею быть смешной, загадочной и злой,
Желанному - чужой, ненужному - родной.

И сколько бы страниц ни тратилось на стих,
Он будет недалек, он будет только штрих.
Я - странный человек. Со мною очень сложно:
И трудно, и легко, и просто невозможно....",negative
tr2467,а тебя люблю,positive
tr2468,Создай фото с друзьями в приложении Камеди Лаб,neutral
tr2469,Кто-то думает то-что я не настоящий Д.Броди.Хотя это не-так,neutral
tr2470,Как я скучала😭,negative
tr2471,где Харьков сморите?,neutral
tr2472,каму нравиться оставляем кометарий,neutral
tr2473,"Государственная дума РФ.: Запретить  въезд в РОССИЮ, лицам, которые 
оскорбляют, в высказываниях, РОССИЮ. Запретить лицам, которые 
позволяют себе оскорблять Россию,
 обогащаться за счет России.",neutral
tr2474,Витася мой ты где?,neutral
tr2475,"Если бы вы смогли стать самому себе другом, хотели ли бы вы себе такого друга?",neutral
tr2476,"ай, пока Антоха спит и не шлет музяку, лови еще.",neutral
tr2477,с окончанием сеессии!,positive
tr2478,Как я провел лето,neutral
tr2479,"Нет ничего ПРИЯТНЕЕ теплой ладошки ребенка в твоей руке,ВОСХИТИТЕЛЬНЕЕ его сонных глазок по утру,ЗАРАЗИТЕЛЬНЕЕ смеха,НЕЖНЕЕ поцелуя,ДОРОЖЕ ожерелья из его ручек вокруг шеи...И ничего нет искреннее чем слова маленького человечка:""Я ЛЮБЛЮ ТЕБЯ МАМОЧКА!!!""",positive
tr2480,"[id55670693|Александр], у кого эт ""у нас""?",neutral
tr2481,Красиво!!!,positive
tr2482,"Заняли 3-е место на сgс!)) Завтра утром основной тур). Принимаем пожелания удачи в асе, контакте и смс))) contester.sgu.ru/?id=5",positive
tr2483,"Чуркина я бы, пожалуй придушил лично. Медленно, глядя в глаза и расспрашивая про предложения рашкостана по поводу моей страны, пожеланий к моей конституции и мнения о том, когда и как я должен выбирать президента... Такого гнилостного п...са редко можно найти на Земле. Врать можно по всякому, но так, как он - это что-то!",negative
tr2484,что я нашла! мой первый сюжет на бст))... прошло-то всего четыре года оказывается...,neutral
tr2485,"АК-1878 
«- Если ты хочешь служить у меня, - сказал он вошедшему камердинеру, - то ты помни свое дело. Чтоб этого не было. Ты должен убрать».
Фраза выдает русского вельможу, для которого русский язык не то, чтобы не родной, а - полуродной какой-то… Как считаете?",neutral
tr2486,Легкомысленная девушка как воробей постоянно прыгает с палки на палку),neutral
tr2487,Четки купи блеать!,negative
tr2488,Неверотяно! ты аву поменял =))) Привет чудо света!,positive
tr2489,Ура я стал Папочкой !!!,positive
tr2490,Безразличие может скрывать самые сильные чувства.,neutral
tr2491,Возьму на 32!!,neutral
tr2492,Аха-ха-хаха,positive
tr2493,вроде да)вроде даже хорошо)),positive
tr2494,Школа №5 в Йошкар-Оле,neutral
tr2495,"Вот так вот и провел свой день))
Как же приятно было работать с самыми лучшими девушками bashstudents) вместе сняли три ролика, четвертый - финальный на подходе)) @ МИТХТ им. М.В.Ломоносова (Университет)",positive
tr2496,"Зеленоглазые люди - это сама нежность. Любят они всегда искренне, горячо и отличаются верностью тем, кого выбрали.",positive
tr2497,Ворона ты сегодня мне приснился)))))хехе,positive
tr2498,Пришла зима и за пару дней в...ла всю голову)),negative
tr2499,"Порция врывного Харда, не для детей!",neutral
tr2500,"Филипп , пожалуйста открой чат , не будь лузером",neutral
tr2501,Вот так тебе))),neutral
tr2502,Рождение - это Великое Чудо,positive
tr2503,"Вот, сидим тут, ревем помаленьку.)",negative
tr2504,красава братан,positive
tr2505,Супермен спасет! Я знаю.,neutral
tr2506,"настолько уморительно, что я даже не поленился вырезать",positive
tr2507,"СРОЧНО у кого есть сын,дочь,сестра,брат возрастом 7-10 лет,бабушка 60-80 лет,пишите,для съемок в клипе,подробности в лс!",neutral
tr2508,"понимаете, почему я ходила 2 раза на ЧП?) чудесная жопа. полцарства за нее)",positive
tr2509,обаятельно,positive
tr2510,10 июня в москве на максидроме и 14-го в питере ^^,neutral
tr2511,в автокатастрофе погиб вокалист GOTTHARD Стив Ли ему было 47..,negative
tr2512,Я могу набрать 56 слов в минуту. Вы можете больше?,neutral
tr2513,"Люди обожают критиковать других, тыкать пальцем на падение сильного человека, его ошибки, копаться в грязи, осуждать ближнего. Но слава всегда достается тому, кто находится на арене, чье лицо вымазано пылью, потом и кровью, кто познал великий энтузиазм и преданность своему делу и тратит свои силы на достойную цель, кого в лучшем случае ждет триумф, в худшем случае он бесстрашно принимает поражение; так что его место никогда не будет рядом с теми холодными, робкими душами, не познавшими ни побед ни поражений…Теодор Рузвельт",neutral
tr2514,Наслаждайся =DD,positive
tr2515,В меня вселились хуебесы,negative
tr2516,"Желаю всем,хоть раз в жизни побывать на такой рыбалке!!!)))",positive
tr2517,а такой у тебя нет!!!,neutral
tr2518,Центр львова после бендеровцев 1941 год видео купленно на ебей за 50.000$,neutral
tr2519,"Что тут скажешь? Вполне предсказуемый поворот событий. А если представить, что таким людям достанется кусочек власти?",neutral
tr2520,Правительство Воронежской области приняло решение снизить прожиточный минимум половозрелого совершеннолетнего воронежца до 16 руб. 10коп. Мотивировали они свое решение следующими аргументами:,neutral
tr2521,Соскучилась!,positive
tr2522,найди 60 супербрендов))) Интересно очень)),neutral
tr2523,Ночью в Петербурге снова проведут пробные разводки мостов,neutral
tr2524,"Вот, примерно так и прошел вторник.",neutral
tr2525,Сын у меня родился!!!,positive
tr2526,"Запомните, сначала фотографируетесь, а потом бухаете!",neutral
tr2527,"ох, если честно то с репертуаром у европы, да и у всего радио сейчас беда... Песни одни и те же, утром в Бригаде у каждый день, в одно и тоже время играет определенная песня) Такое ощущение))",negative
tr2528,"Окраины, провинции души. Где низость наша, мерзость и потемки годами ждут момента и потомки, потом гадают, как возник фашизм!!",negative
tr2529,"Полицейского, гулявшего по тоннелю метро Петербурга, осмотрят психиатры | криминал | происшествия | АиФ Санкт-Петербург",neutral
tr2530,Ты об этом?),neutral
tr2531,Офисный человек),neutral
tr2532,Обидно сукаааааа(((,negative
tr2533,"вяжу на заказ 
моя группа",neutral
tr2534,"Играю блиц, трех-минутку, у соперника остается 10 секунд, у меня минута, соперник спокоен, не спешит. Победа? Нет... оказалось три минуты на ход, блин.",negative
tr2535,"Реальность данного мира, созданная волей Всевышнего, прекрасна всегда, а 

неприглядной или уродливой ее делает лишь призма нашего взгляда. Чем 

незамутненней взор, тем красивее мир. Видимо, поэтому дети улыбаются чаще 

взрослых. 


 Андрей Белянин ( , « Посрамитель 

шайтана ( »",neutral
tr2536,"Федь, спать не собираешься?",neutral
tr2537,В наличии для iPhone 4.4s.5.5s,neutral
tr2538,"Привет, Кирилл, участвуй в конкурсе от ТЦ «ЦУМ».
    Главный приз - ноутбук ASUS!
    Подробности: vk.com/app3462863_129216720",neutral
tr2539,мое солнышко)*,positive
tr2540,на сегодня в общем счете я потерял в пустую 12 часов...,negative
tr2541,по Батуми гуляют чипованые дворняги,neutral
tr2542,Братву на сиськи не меняю)),neutral
tr2543,Народный штурман предупреждает: в этом году март наступает 13 марта)),neutral
tr2544,#хиномото10лет,neutral
tr2545,"Если вдруг вы стали для кого-то плохим, значит много хорошего было сделано для этого человека.

Лев Толстой",neutral
tr2546,"Вопрос к продвинутым пользователям! А как тут заблокировать сообщения, которые шлют в диалоги из почты?:)",neutral
tr2547,Беспечное время,positive
tr2548,"В Windows нельзя создать папку с названием ""Con"" .",neutral
tr2549,вы тоже ходите в 12 ночи на Франкенштейна?),neutral
tr2550,"Любить Девушку  нужно так,чтобы ей и в голову не пришло,что КТО-ТО ДРУГОЙ может любить ее сильнее!!!",neutral
tr2551,"Поставить жизнь на карту - это одно, отдать ее по глупости - совершенно другое..© L",neutral
tr2552,"Ты мой сладенький, люблю... люблю... люблю...",positive
tr2553,"Я  тебя люблю, щас умру",positive
tr2554,Очень большая киса),positive
tr2555,рекомендует фильм «Кожа» (2008),neutral
tr2556,"Не брать трубку, когда звонит мама, нельзя. Ведь после десятого звонка я 
считаюсь пропавшим без вести и лежу с перерезаннымгорлом в канаве.",neutral
tr2557,Почитаешь вашу стенку мадам- плакать охото!!😩 😭 😭,negative
tr2558,заново:ДОРОГИЕ МОИ МОСКАЛИКИ!!! НИКТО В ПИТЕР В БЛИЖАЙШЕЕ ВРЕМЯ НЕ СОБИРАЕТСЯ?,neutral
tr2559,"Моя мама вдохновилась и создала такую вот прекрасную вещь!)
Ексклюзивная сумочка вышитая бисером и гладью. Авторская идея, все ручная работа. Она очень кропотливо работала, так что сделано все супер качественно. Может стать отличным подаоком к Новому Году!
Если хотите такую - пишите )",positive
tr2560,"Завтра, в 7 утра, я резко выздоровею.",neutral
tr2561,2 новых поста в блоге:,neutral
tr2562,как отмечается-))??,neutral
tr2563,Мы бываем естествеными с теми кто нас любыт!!!!!!!!! И ета не лош!!!!!!,neutral
tr2564,Я больше не пью......по крайней мере до следующего дня рождения.....)))))),neutral
tr2565,"Вот и закончился последний домашний матч наших девушек нынешнего сезона. Сезона, которого с нетерпением ждали, ждали красивых побед от нашей команды, команды, которой нам очень сильно не будет хватать, мы будем скучать по вам! Мы любим тебя, ДИНАМО!!!",positive
tr2566,"Существует спрей, с помощью которого ваша одежда будет всегда чистой | MirFactov - все самое интересное!",neutral
tr2567,"Сергей, я хочу познакомить тебя с симпатичной девушкой!",positive
tr2568,не хочу больше енота),neutral
tr2569,вы сумасшедшие! но стали такими родными и любимыми!!!=*,positive
tr2570,"продаю Chevrolet Cruze 2011 года. Цена 450000, торг уместен. Вся инфа по ссылке",neutral
tr2571,самый лучший дееень:*,positive
tr2572,"Доступна: 21 августа 2012
Эта игра станет доступна приблизительно через 2 дн. и 18 ч.",neutral
tr2573,В наличии зажигалка точная копия )))),neutral
tr2574,"Я не знаю, чем вы занимаетесь, бездельники, а я варю сливовое варенье!!1🍑⏳♨️",neutral
tr2575,пьяненькие девочки))))))),neutral
tr2576,"Я не грущу, Я просто заебался улыбаться.",negative
tr2577,У вас есть ощущение приходящего праздника?Настроение новогоднее?),neutral
tr2578,"Иногда футбол важнее личной жизни.
Да что там ""иногда"" - всегда!",neutral
tr2579,"из книги ""богатый папа, бедный папа""",neutral
tr2580,"vk.com/fotokubiki#626771
Мне кажется тебе бы подошел такой фотостатус:",neutral
tr2581,"эт ты типа шутишь?
ахаах",positive
tr2582,"Вот что нас ожидает,буквально через месяц,вот сюда надо ездить отдыхать!!!!",positive
tr2583,Иду по улице с довольной рожей:) Мне удивляется каждый прохожий ^_^,positive
tr2584,Ебану ка я гляссе!!!,neutral
tr2585,Отправлено из приложения Days,neutral
tr2586,Добрался до Москвы.Утром выезжаю в НиНо.,neutral
tr2587,Статус про кого?,neutral
tr2588,"ЕБРР стал новым акционером банка ""Санкт-Петербург""",neutral
tr2589,"Добавь себе на стену и посмотри чего от тебя хотят   
1) СП 
2) Любовь 
3) Дружба 
4) Встречу 
5) Поцелуй 
6) Погулять 
7) Обнимашки 
8) Быть с тобой",neutral
tr2590,"Мне часто снятся по ночам
друзья,
Безвременно ушедшие из
жизни...
Нас на Земле связала всех
судьба...
Но мы остались..., Их призвал
Всевышний.
Их молодые, с легкой грустью
лица,
Безмолвно смотрят мне в глаза.
То ли со мной они хотят
проститься ,
А может просто ждут меня.
Я просыпаюсь... Сердца пульс
тревожный
Заполнит мертвую ночную
тишину.
Свечу зажгу и помолюсь: О,
Боже,
Храни их души... Память... я
храню....",negative
tr2591,Подстрижено! [id22706807|Эрик Парикмахер],neutral
tr2592,посмотри с начала до конца ..я под сильным впечатлением .,neutral
tr2593,Пойдем на варкрафт,neutral
tr2594,"Те, кто 
жалуется, что после пролитого кофе у них клавиатура ""залипает"", 
видимо никогда не проливали на нее сгущенное молоко...",negative
tr2595,"за что?? 
кто самая лучшая подруга?))конечно же Настя Кулик)))):р",positive
tr2596,"ДОРОГИЕ РОДИТЕЛИ!
На развивающих занятиях в группе ""РАЗВИВАЙ-КА"" для детей 3-х лет
занятия проводятся 1 раз в неделю - по субботам:
в группе № 1- МЕСТ УЖЕ НЕТ
МЫ ОТКРЫЛИ УЖЕ ГРУППУ № 2. (ОСТАЛОСЬ ТОЛЬКО 2 МЕСТА)
На развивающих занятиях в группе ""РАЗВИВАЙ-КА"" для детей 4-х лет
группа № 1 ( в 12.00) - МЕСТ УЖЕ НЕТ
группа № 2 ( в 13.00) - МЕСТ УЖЕ НЕТ
МЫ ОТКРЫЛИ УЖЕ ГРУППУ № 3  (в 14.00) - (ОСТАЛОСЬ  3 МЕСТА)

Узнать более подробную информацию, а также записаться на занятия можно по телефону: 8 911 558 6648",neutral
tr2597,"Сергей Швецов (первый зампредседателя Банка России): «Если идет экономический спад, население должно реагировать рационально, а не покупать по несколько телевизоров и несколько стиральных машин. Оно должно понимать, что завтра может потерять рабочее место, поэтому склонность к сбережениям здесь должна превалировать над склонностью к потреблению». Вот так кривое зеркало видит Россию. Все повально бегают и скупают бытовую технику. Смешно слушать подобных артистов. Господину Швецову нужно посетить, например, Псковскую губернию и взглянуть на ""сумашедшие"" очереди в магазины. А еще думаю зайти в школу или сад и взглянуть на зарплатный квиток учителя, а после этого уже делать вывод о возможности что-то купить, а тем более сберегать.",negative
tr2598,"Сила  человека  заключается  в  истинном ЗНАНИИ, ибо  ЗНАНИЕ- это  сила.",neutral
tr2599,бесишь меня!!!,negative
tr2600,Погнали со мной на моррееееее!!!!!:)),positive
tr2601,"Интересно кто знает, что связывает наш любимый Банк Русский Стандарт и отель  Be Live Grand Punta Cana 5*?!??)))",neutral
tr2602,Нет уж.....такого нам не надо ....Надеюсь на Кубе в ноябре  будет  уединенное местечко ))),neutral
tr2603,"Нельзя вернуться в прошлое и изменить свой старт, но можно стартовать сейчас и изменить свой финиш.",neutral
tr2604,Я нажал(а) на пробел 86 раз за 10 секунд. Слабо больше?,neutral
tr2605,"Глеб - он жаден был - соблазняется;
Завещание сожигается!
На десятки лет, до недавних дней
Восемь тысяч душ закрепил злодей.
С роду, с племенем; что народу-то!
Что народу-то! с камнем в воду-то!
Все прощает бог, а Иудин грех
Не прощается.
Ой мужик! мужик! ты грешнее всех,
И за то тебе вечно маяться!",negative
tr2606,Работа с моделью на МК. Не удалось поснимать среднеформаткой Pentax 645Z пришлось своим марком 3,neutral
tr2607,Hash Profit - эффективный майнинг криптовалют. 200 Kh/s на 7 дней бесплатно!,neutral
tr2608,НУ ЧТО РЕБЯТКИ))))??ПУСТЬ ШАХТЕР ДАСТ НАМ ПОВОД НЕРЕАЛЬНО ОТОРВАТЬСЯ))),positive
tr2609,"так взяли аэропорт донецка, или то был фейк?",neutral
tr2610,Золотко))),positive
tr2611,Вот почему мы интересовались местонахождением Воробьевых гор=))),neutral
tr2612,самый меткий выстрел!,positive
tr2613,Ставь вот эту пусть она у всех останется в воспоминаниях в таком виде)))))))))),positive
tr2614,Боец потерян!,negative
tr2615,за любое упоминание рэп инквизиции-бан,neutral
tr2616,всегда задавалась вопросом: как ты можешь быть подписан на Лурк и одновременно с этим читать эзотерику (путеводитель по жизни)?! =),neutral
tr2617,"Теоретические доктрины Коммунизма главным образом получены от Маркса. Мои возражения Марксу двух видов: один, что он был бестолков; и другой, что его мышление было почти полностью вдохновлено ненавистью. Доктрина прибавочной стоимости, которая должна демонстрировать эксплуатацию наемных работников при капитализме, достигнута: (a), скрыто принимая доктрину народонаселения Мальтуса, явно же которую, Маркс и все его ученики отвергают; (б), применяя трудовую теорию стоимости Рикардо, а не цены промышленных товаров. Он полностью удовлетворен результатом, не потому что это соответствует фактам или потому что это логически последовательно, но потому что это рассчитано на пробуждение ярости в наемных работниках.",neutral
tr2618,Щито с твоей судьбой?,neutral
tr2619,Прогресс на лицо ),positive
tr2620,"Поиграли в теннис, твоюж мать...",negative
tr2621,"Точняк про тебя))) Читай:

Холе́рик (греч. χολή, холе, «желчь, яд») - один из типов темперамента в классификации Гиппократа. Человека холерического темперамента можно охарактеризовать как быстрого, порывистого, способного отдаваться делу со страстностью, преодолевать значительные трудности, но, в то же время, неуравновешенного, склонного к бурным эмоциональным вспышкам и резким сменам настроения.",neutral
tr2622,"Х-ребята, го в Жизнь (карта такая).
 У-нахрен жизнь, го в Доту.
 Х-мммм... это твой девиз?",neutral
tr2623,Оотпууууск!!!!,positive
tr2624,"донт ворри, би хэппи ))) 

и теперь хоть кабзона слушай )))",positive
tr2625,"Все хорошо. Все будет хорошо! 
И свет, и жизнь, и радость, и покой, 
и все о чем мечтаешь…. Чего ждешь. 
Сейчас, и здесь, и в будущем с тобой! 
Вникай в слова, и в сердце, и в мечту, 
и верь сильнее, представляя ярче. 
Ведь мысли не уходят в пустоту! 
Они ступеньками ложатся пред удачей. 
Чем больше веры, выше та ступень. 
Чем ярче образ, тем мечта все ближе! 
Настанет час, пребудет этот день... 
И награжден вселенной будешь. Слышишь? 
Поверь в себя! В мечту! И в свои силы! 
Ты можешь все! Все будет хорошо! 
Подобное к подобному. Закон гласит старинныйf. 
Ты только верь! Верь в счастье всей душой!!!!",positive
tr2626,решили как назвать?,neutral
tr2627,Интересно мнение каждого друга)комментируйте пожалуйста)),neutral
tr2628,"А я думал, мы на Земле",neutral
tr2629,Жутко бесит!,negative
tr2630,"О Даа первый снег как мы этого ждали,  о и первый снеговик:)",positive
tr2631,"Дружба дружбой, а поцеловать хочется, очень.",positive
tr2632,красотка))),positive
tr2633,аха статус шик,positive
tr2634,"Когда-нибудь тебе внушат, что о твою доброту вытирают ноги. Не верь. Оставайся добрым. Ведь добро - это просто, и оно спасает мир.",positive
tr2635,Как быстро сделать обычные вещи,neutral
tr2636,МЕСЯЦ НАЗАД ПОЯВИЛСЯ НА СВЕТ МОЙ СМЫСЛ ЖИЗНИ!!!!!!!!!!!!!!!! ЛЮБЛЮ ТЕБЯ СЫНОК!!!!!!!!!,positive
tr2637,Час до премьеры.... Мандраж... Такой знакомый и такой желанный... ))),positive
tr2638,"По многочисленным просьбам,я донес чх)",neutral
tr2639,"Я все смогу. Я все сумею.
Переживу. Переболею.
Перекантуюсь. Перебьюсь.
Но своего таки добьюсь.
Не упаду. Не утону.
Из грязи вырвусь. Я смогу.
Перереву. Перестрадаю.
И вновь улыбка засияет.
Да, не легко. Не спорю, сложно.
Но дальше жить вполне возможно.",positive
tr2640,"Внимание, жулики.",negative
tr2641,Обращайтесь😎👌😅,neutral
tr2642,"У меня есть традиция - каждый год, 29 декабря, я выбриваю ирокез)))",positive
tr2643,"ВНИМАНИЕ-ВНИМАНИЕ!
срочно продам 
шикарнейшие ботинки ASOS ARTICLE Chelsea Ankle Boots
НОВЫЕ с коробкой. ни разу не обувались.
заказаны себе, не подошел размер
покупались за 500 грн, отдам за 450! потому что очень срочно..
размер 5/38, по стельке 24,5-25 см.
они очень крутые))",neutral
tr2644,все знают что завтра за день,neutral
tr2645,Я про это говорил!,neutral
tr2646,"Проснувшись рано утром, глаза я открываю, 
и тихо повторяю - я по тебе скучаю! 
Я выхожу на кухню, я наливаю чаю… 
И снова тихим эхом - Я по тебе скучаю! 
Живу одним тобою, Других не замечаю, 
И каждую минуту… я по тебе скучаю!",negative
tr2647,"Мне кажется, тебе должно понравиться!",positive
tr2648,"Мар'ян, я только что подобрала тебе пару. Узнай тут:",neutral
tr2649,"Хотелось бы узнать, куда с подевался копирайт с фотографии?",neutral
tr2650,НАШ КОЛЕКТИВчик))),neutral
tr2651,"Да чтоб вам, друзьям моим, утонуть в любви! 
Да чтоб вы провалились в паутине нежности!
Да пропадите вы на мальдивах на месяц!
Да я вас видеть не хочу... грустными! =)",positive
tr2652,верх кавайности.ня,positive
tr2653,МОЙ РАЙОН. Я ЗДЕСЬ ЖИЛА 17 ЛЕТ)))))),neutral
tr2654,Не влюблен! Но как то странно озабочен тобой.,neutral
tr2655,Тееем ахахах) было классно),positive
tr2656,"Все плохо стало с бичами, пока тебя не было!
Бичи весь день играли в доту. Самое хорошее что было в августе - это ТИ3.
Наведешь порядок по приезду?",negative
tr2657,"Ты обнимай меня крепко.
Так никого и никогда не обнимай.
Давай с тобой забудем лето.
В нем нет тебя,нет меня - не обвиняй.",positive
tr2658,Детство - это самое важное и самое потрясающее время в жизни человека!!!! :),positive
tr2659,"Жеень,Леер...Ну вы поняли в общем ;D",neutral
tr2660,Я самая счастливая- я мама! ;),positive
tr2661,Осталось 23 часа !!!,neutral
tr2662,Вот и младший начал играть в шахматы.,neutral
tr2663,веселая была поездочка!!,positive
tr2664,"Белгород, 13 марта 2013 года.",neutral
tr2665,Деффки наши жгууут!!)),positive
tr2666,"Молодеж, а вы заметили, как мы продали свободу взамен на сотовые,МР3,Интернет,айфоны,компьютеры,макдаки, колу и прочую хрень?",negative
tr2667,"хороший....ОЧЕНЬ,ОЧЕНЬ хороший:)))",positive
tr2668,"МУЖИК!

тебе как нормально уже?)не температуришь?:)",neutral
tr2669,Алексей Шпомер: «Алкоголь - это генетическое оружие»,neutral
tr2670,"ееее, дома :)",positive
tr2671,"не,ну ты видел,бро",neutral
tr2672,"У меня нет родной сестры,
зато есть подруга, она мне
как сестра!",positive
tr2673,Я просто люблю жирафов))))))))),positive
tr2674,Когда Женя -бывший хер,negative
tr2675,Этнические чайные Красноярска - шикарны:),positive
tr2676,"Никогда не думал, что будет так тяжело расставаться. Впереди еще 8 месяцев..",negative
tr2677,"Господи, зачем все это творится? Зачем повсюду в мире искать врагов и их козни? зачем потом искать друзей, чтобы одолеть недругов? Зачем искать врагов среди этих друзей? А после, искать друзей среди врагов, чтобы одолеть вргов? Остались лишь одни враги и одни козни. Неужели нельзя уже жить? 
написал думскои дьяк Василий(?)",negative
tr2678,Лето!! ах лето!! Я люблю тебя летО!!,positive
tr2679,Еще совсе чуть-чуть и я буду у тебя в объятиях радость моя 😚,positive
tr2680,мммммм... красооотка!!!,positive
tr2681,Привет как дела?,neutral
tr2682,"Мне кажется, в акватории Невы не хватает таких рекламных корабликов.",neutral
tr2683,"Вася Обломов, Сергей Шнуров, Noize MC - Правда",neutral
tr2684,манюнечка наш=)))),positive
tr2685,куплю гайки 7 штук,neutral
tr2686,Ебать они ебланы О_О Такое делают)),negative
tr2687,В 10 вечера под проливным дождем вот это вышло на центр проезжей части и стояло как ни в чем не бывало.,neutral
tr2688,надеюсь еще нравится бумбокс)хотя тут не много поет),neutral
tr2689,Пиво прям вообще зло!!!!,negative
tr2690,Майнкрафт vs Копатель.Эпичная Рэп Битва в Майнкрафте!,neutral
tr2691,для ознакомления и текст,neutral
tr2692,доброе утро любимый! хотя без тебя оно не очень доброе(((,positive
tr2693,Напомнило Вашу работу с пантерами,neutral
tr2694,"как можно не знать, что у собак есть усы???!!!!",neutral
tr2695,Такие вот у нас весенние новости!,neutral
tr2696,Кто хочет в футбол поиграть или поболеть?))аа?)),neutral
tr2697,"Альбом #LLFD стал золотым в России
нот бэд",positive
tr2698,фантазии от семенченко,neutral
tr2699,"я сказала это тебе,у прикинь детей Зыкова Катерина Анастасиевна и Зыков Анатолий Анастасиевич",neutral
tr2700,"ДОБРОЕ УТРО ИЗ БИГ АЙЛАНДА, завтра будет,что будет, молись,чтобы КИЛАУЕА 
 не рассердился...а то,остануться у тебя.....24:3...",neutral
tr2701,еее Игорь сменил аву!!),positive
tr2702,"хахахах Темыч))) Это было шикарно, так много в течение 3 часов, я давно не смеялся) последняя твоя аж до слез, про римский легион)0ахахаха",positive
tr2703,"В грозы, в бури, в житейскую стынь, при тяжелых утратах, и когда тебе грустно, казаться улыбчивым и простым - самое высшее в мире искусство.",neutral
tr2704,"[id7385730|Александр], это ты спецом для гайцев написал? ;)",neutral
tr2705,"Планета Марс будет очень яркой в ночном небе начиная с 
августа. Невооруженным глазом даже планета будет видна как полная луна. 
27 августа Марс пройдет всего лишь в 34,65 тыс. милях от земли! 27 
августа в 00,30 посмотрите на это зрелище. Это будет выглядеть как две 
луны над землей! 

Следующий раз когда Марс будет так близко к Земле будет только в 2287 году!!

Никто из живущих на Земле еще такого не видел!!",neutral
tr2706,СКОРО В ПИТЕР,neutral
tr2707,Жизнь коротка! Нарушай правила! Прощай быстро! Целуй медленно! Люби искренне! Смейся неудержимо=))))))))))),positive
tr2708,"ну ты понимаешь,да? 😋 💙 💛",neutral
tr2709,Мерзкий городишко Растрелли и Росси..,negative
tr2710,"В моей жизни давно не случалось ничего примечательного. Сплошные повторы изо дня в день. Вплоть до мелочей. Адская трель будильника, который так и подмывает выбросить с балкона.

Эльчин Сафарли",neutral
tr2711,Бавария-Реал 0-4 ппц,negative
tr2712,Вальс цветов,neutral
tr2713,Первоклассник!,neutral
tr2714,"""Понтов и ничем не подкрепленных амбиций у тебя куда больше, чем мозгов. Хотел услышать мой голос? Услышал""",negative
tr2715,когда выпивать будем?)),neutral
tr2716,• Остальная часть здесь ► vk.com/FOTiKO ◄,neutral
tr2717,"Тот, кто борется за свою мечту, сильнее других страдает…",negative
tr2718,твой любимчик,positive
tr2719,Ты такое наверное не слушаешь?,neutral
tr2720,СОВЕТУЮ СПАСАТСЯ ОТ ПРОСТУДЫ И ГРИППА ХОЛОДНОЙ ВОДОЧКОЙ!!!!!,neutral
tr2721,Ставрополью - республиканский статус,neutral
tr2722,"Мой совместный трек с милой, я если честно не очень вдохновлен тем что получилось, но может кому-то понравится.....",negative
tr2723,"А теперь ломайте голову, кому это?))))",neutral
tr2724,Красавчик = ),positive
tr2725,вот это пиздец охуенно))),positive
tr2726,тут образцы проц.актов по кпрф есть))),neutral
tr2727,заболела((,negative
tr2728,Экстрим-камеру Contour отдам в хорошие руки. Недорого.,neutral
tr2729,"Неотвеченных мало, а вот непрочитанных... В том, что вы говорите есть большая доля правды. И говорить НЕТ надо обязательно научиться. Несколько лет назад я прочитал об этом в одной из книг А.Левшинова. Для меня это было откровением. Да, это нелегко дается, но очень полезно и для себя и для семьи.",neutral
tr2730,воскресный обед со стола с Гадяча.,neutral
tr2731,Люблю- люблю тебя солнышко**************,positive
tr2732,Паша а чего ты так резко отвечаешь?))),neutral
tr2733,"кто то спит только головой на запад, кто то поклоняется богине Кали, кто то гладет трусы и чистит язык. все сошли с ума, все  помешались",negative
tr2734,Ура! Теперь я не андроид!!!! ))))),positive
tr2735,"Мальчики и девочки, подскажите ресторан с хорошей восточной кухней, м???",neutral
tr2736,"Это,чтоб ты улыбнулась :)",positive
tr2737,Есть желающие Новый Год отметить в Тайланде?,neutral
tr2738,Ха! 9 из 12! А на что способны Вы?,positive
tr2739,"Китайская мудрость: прошлое не изменить,будущее скрыто от нас,лишь настоящее изменить мы в праве.",neutral
tr2740,1 сентября,neutral
tr2741,Если нет любви не интернсно жить...,neutral
tr2742,:D Да да да),positive
tr2743,как-то так:),neutral
tr2744,Что такое? я не понял?)),neutral
tr2745,Верить никому нельзя,negative
tr2746,Как загран паспорт побыстрее получить?,neutral
tr2747,"Офигеть, нодовый редактор! Сколько ж мы его будем ждать в самой синьке...",negative
tr2748,при встрече))))),neutral
tr2749,Я так понимаю собачий питомник построят вместо детского садика на Челнокова?,neutral
tr2750,"В виду регулярного интереса к деталям PDI для маруйских болтовок VSR-10 
предлагаю такой вот вариант тюнинга для VSR-10:

PDI Bore UP цилинд сет-цилиндровая группа (голова цилиндра с более длнным соплом, поршень со стальным ""концом"", стальная направляющая)

PDI камера Hop UP адаптированная под AEG стволики

PDI триггер сет (курковая группа) вер 2 адаптипованный для работы с убер пружинами интересующего нас номинала

ориентир цен ориентир (курс знаете ли нестабилен)
триггер сет (курковая группа)8 142
цилинр сет (цилиндровая группа) 10 739
камера Хопа ап 3 753

PS вариант Airsoft PRO для WELL болтовок в стадии переговоров инфа будет чуть позже",neutral
tr2751,она божественна,positive
tr2752,Хорошей девушке - хорошее тату! ))),positive
tr2753,День фотографа,neutral
tr2754,"Сибирский хаски

Тип - Хордовые; 
Класс - Млекопитающие; 
Отряд - Хищные; 
Семейство - Псовые; 
Род - Волки; 
Вид - Волк;
Подвид - Собака. 

Сибирский хаски - порода собак, выведенная как ездовая собака, одна из древнейших пород собак. В настоящее время также используется как собака-компаньон и шоу-выставочная собака.
Согласно легенде собаки породы...

Продолжение на сайте: wiba.ru/post41773

• Отправлено через ► vk.com/ranks ◄",neutral
tr2755,Ахахах...статус классный))))))))))))),positive
tr2756,Маше понравилось))))),positive
tr2757,"Вот так вот, живем в дыре)))",negative
tr2758,"Уважаемые националисты, можете не лайкать мои посты и комментарии и не френдить меня. Я - убежденный противник националистической идеологии и национальных государств в принципе, просто я умею засовывать свое мнение куда подальше в рамках общегражданского протеста. Спасибозапонимание.",neutral
tr2759,Тенерифе... Мой будущий фитнес-тур),neutral
tr2760,ретро-вечер),neutral
tr2761,Продолжаю коллекцию странных видео,neutral
tr2762,"Вот это взаимопомощь, удивили!!!",positive
tr2763,Еще немножко!*))))) Скучаю....,positive
tr2764,Вкусняшки)),positive
tr2765,Помнишь?? :D,neutral
tr2766,Кандидат!!!,neutral
tr2767,Было красиво днем ;)))),positive
tr2768,"Да я долго мучалась.....любила,а может и люблю.....но поняла что в его жизни ме нет места....я знаю раньше я была дурой,но поняла я почему то это только сейчас.....спасибо вам друзья за поддержку.....вы мне нужны.....а он....он сам это решил...значит ему вот та какаета кукла дороже меня....я его не осуждаю он хороший.....но когда то он поймет....но будет..поздно.....",negative
tr2769,Нового гаджета пост:),neutral
tr2770,У всех тут любовь - морковь с пиздатыми парнями...а у меня вот шоколадка есть,negative
tr2771,"Лучшая подруга - это та, после переписки с которой постоянно приходится удалять историю сообщений.♥",positive
tr2772,Мой результат теста: Книга для Вас.,neutral
tr2773,Ты теперь звезда!) посмотри ролик на первых секундах :)),positive
tr2774,Ты самая классная подружка))***,positive
tr2775,Урааа...сдали!)),positive
tr2776,Вон оно че!!!,neutral
tr2777,Рыкламирую свой турфирма - - Все! чартерные рейсы из Хабаровска на сайте www.sxpo.ru,neutral
tr2778,Продам настенные часы ручной работы)),neutral
tr2779,Ты единственный остался кто не слушал эту хрень),neutral
tr2780,"А у блондинки-белие ботинки,рыжая собачка и крутая тачка... А у меня брюнетки-губки как конфетки, класная фигура и совсем не дура))",positive
tr2781,"А ты попробуй влюбиться так,чтоб пройти мимо тысячи и не обернуться...",neutral
tr2782,"Илья, привет! Меня спросили, ""Как часто я захожу на твою страницу?""
Ответ здесь -> vk.com/app3333333_219232444",neutral
tr2783,"^^как приятно влюбиться в человека...который в тебя уже влюблен..быть нужным тому, кому нужен ты..жить тем, кто живет тобой..Я люблю тебя...",positive
tr2784,"Вечно мы тянемся к тем, кому мы нахер не нужны...",negative
tr2785,мне вот эта нравится:),positive
tr2786,про тебя))),neutral
tr2787,Фото сессия с Саймоном,neutral
tr2788,"Очень люблю тебя,мой золотой ❤ ❤ ❤",positive
tr2789,"Пора покончить правде с ложью, пора нам вспомнить наше звание, Мы не рабы - Мы дети Божьи, Мы славим право - Мы Славяне!!!))))",positive
tr2790,Узнай своих поклонников :,neutral
tr2791,куплю 5 труб,neutral
tr2792,"Продается большой бубен с настройкой.
Дорого.
(70Х9) см,
Обод  - клен, 4 слоя.
Мембрана - бело-коричневая шкура козла
с длинной бахромой..
Настройка - 16 винтов,
крестовина - антропоморфная плетеная, 
обмотка - св. коричневая замша
Ключ для настройки и колотушка прилагаются.
Подробности - в личку по запросу.",neutral
tr2793,"Мне нужны материалы для строительства.
Это Мир. Голубя мира могут подарить бесплатно друзья.. Подари мне подарок и получи подарок в ответ.",neutral
tr2794,"Бей татухи -забивай ноги,ухи!!!!",neutral
tr2795,вот это реально ностальгия...,neutral
tr2796,Под чем можно много метала нарыть??,neutral
tr2797,как думаете грешников в аду пытают под металл или под попсу ?хд,neutral
tr2798,Сегодня Шаньке 2 месяца),positive
tr2799,"порой понимаешь, что слишком много важных слов сказал человеку, для которого они абсолютно ничего не значат.",negative
tr2800,Кто ты из Зеленого слоника? Тест можно пройти тут 👉 vk.com/megatest#523acf80e4b044784e52eda9,neutral
tr2801,Пятничное Тель Авивское утро))),neutral
tr2802,Люди кто знает тот меня поймет)))),neutral
tr2803,"Слепая и бестолковая из-за того, что люблю тебя...
💭💭💭💬",negative
tr2804,Где то в сочинских аулах..,neutral
tr2805,"А есть ли будущее у Савика Шустова на Украине ? Савик не истинный ариец, не получится ли так что сейчас Савик лижет попец ,а завтра получит в голову свинец...",negative
tr2806,"учителя делятся на две группы: те, с кого в школе списывали, и те, кто списывал сам. 
первые снижают оценку только списывавшему, вторые - и тем, кто дал списать.",neutral
tr2807,а-ну протри!!!!!,neutral
tr2808,"рукожопик мой, петушочек, в конце концов СЫН- жду в среду или четверг на просмотр нашего сериала🐓 🍪 🍳 🍼 😃 😃 😈 😈 😤 🔞",neutral
tr2809,Виталий и Ирина,neutral
tr2810,это со мной что-то не так...или они в самом деле до слез милые?,positive
tr2811,"Вот так выглядит кофе настоящего патриота😄
#MaMaMIA",neutral
tr2812,В пятницу вечером ночные компанейские покатушки.Развод мостов и куча неформальных достопримечательностей.Велком!!!,neutral
tr2813,за пацанов за тех кто пацанами на всегда остался..,negative
tr2814,"Надоело, Хочу домой:(:(",negative
tr2815,как сделать батарейки из пивных банок.(green energy),neutral
tr2816,Гараж Ральфа Лорена  www.lookatme.ru  Фотографы Vanity Fair запечатлели коллекцию автомобилей знаменитого американского модельера,neutral
tr2817,Я сделал тебе крутой ФотоМем!,neutral
tr2818,"Ура Карачун победил браво! Но Юля имеет за собой последнее слово.
 А как тяжело им расстаться!",positive
tr2819,Москва-Мурманск ),neutral
tr2820,Мужчина в свою очередь тоже должен не забывать выполнять свои обязанности.,neutral
tr2821,"Отредактировано в приложении 
 PhotoLab >  <",neutral
tr2822,Доставило. Зацепило. Сильно. Мельницеподобно и мельницеравно.,positive
tr2823,"Комисаров ,что ж ты делаешь ,ххахахах прекрати !!!))",positive
tr2824,"Вчера, мы начали долгий и тернистый путь по написанию СТРАТЕГИИ РАЗВИТИЯ САВРАНСКОГО РАЙОНА. Первым этапом будет анкетирование громады по вопросам качества жизни. Анкетой дружественно поделилась Valentina Stoykova, за что ей огромный респект. Люди принимали активное участие в обсуждениях, задавали вопросы и предлагали пути решения насущных проблем. Первый шаг сделан дальше будет!!!",positive
tr2825,"много баянов, конечно, но про мужика и колдунью прикольно :-)",positive
tr2826,"Желаю Вам чашку ароматного кофе, сваренного кем - то для Вас... Неожиданного телефонного звонка от хорошего друга...Любимой песни по радио... Желаю просто приятных мелочей, от которых радостно на душе...",positive
tr2827,"Артем Пантелеев, МиниТест «Какая еда для тебя? » показал результат ниже. Много других тестов здесь - VK.com/minitest",neutral
tr2828,"Лайфньюз атакуют спамеры! Как их забанить? И крестики жали и акк блокировали, не помогает. Они мешают обмену инфой, что можно сделать???",negative
tr2829,Вот она авария была 19 числа.......,negative
tr2830,Новый ХИТ Евровидения!,neutral
tr2831,Просто космос!,positive
tr2832,"Эй,ЛЮБЕРА-ЖИВЫ)))
29.05.2016 года.Москва.
КОМАНДА города Люберцы с одноименным названием ""ЛЮБЕРЦЫ"" заняла ВТОРОЕ общекомандное место на КУБКЕ МИРА федерации АСМ ""ВИТЯЗЬ"".
Подробности позже.МУЖИКИ-ВЫ ЛУЧШИЕ.#асмвитязь#фсогеркулес.",positive
tr2833,"Продам: Массажная накидка ""Хотэй"". Подробности в приложении Юла для твоего смартфона.",neutral
tr2834,они украли моего воргенчика!,neutral
tr2835,"Мои Фейсбук и Твитер, если кому-то нужно

 ,",neutral
tr2836,Сегодня только посмотрела... :) Понравился),positive
tr2837,Как всегда помогает маме готовить) #ЛевАндреич #шефповар #деньрождения,positive
tr2838,"Кто знает? Почему появились щелчки в динамиках именно при прослушивании треков либо при просмотре видеороликов, когда включен инет, а без инета щелчков нету!",neutral
tr2839,Вот кто-нибудь об этом задумывается?,neutral
tr2840,а че это вы дома???,neutral
tr2841,"История одного чеченца, которого даже пытки не сделали боевиком

Очень много букв, но время потратить стоит. Демотиваторы утверждают, что эту страну не победить, а я думаю - она сама себя уже победила. Этой стране не выжить",negative
tr2842,Сталкер: Битва за эфир. 25.07.2015 группировка Монолит.,neutral
tr2843,покажу  сегодня дневник че будет то будет)),neutral
tr2844,"Новинка!!!
 Портрет пастелью.",neutral
tr2845,малый ты что обиделся?? все будет хорошо))) а пиво в амсторе можешь купить)))),positive
tr2846,"статус БОМБА!!!
=))",positive
tr2847,"●хочешь айфон ,но нет на него денег? - поможем.
●задолжал денег, но негде их взять? - поможем.
●а может хочешь что-то обновить дома или сделать подарок?) 
и тут поможем) 
______________________________________________________
консультации , потребительский кредит ,кредит наличными ,кредитные карты ) очень крутые условия )",neutral
tr2848,Пиздец шпана 😂😂😂😂,negative
tr2849,"Слава Богу, что есть на этом свете ШОКОЛАД)))))",positive
tr2850,"Добрый день.
Скажите пожалуйста, когда планируется закрытие навигации для маломерных судов?",neutral
tr2851,ээээ кто сидит в маем вк,negative
tr2852,Задротствуем ?),neutral
tr2853,"Таких людей, как я, вообще очень мало. Может быть даже я такой один.",neutral
tr2854,ты станеш моей женой,neutral
tr2855,ЗАРОБАТИВАТЬ МОЖНО ТОКО ЧЕРЕЗ 2-3 ГОДА,neutral
tr2856,Один день из жизни футбольного болельщика,neutral
tr2857,"Если все охлотушки умеют играть в шашки, то все, кто умеет играть в шашки, являются охлотушками?",neutral
tr2858,Утро добрым не бывает...,negative
tr2859,"Встал. Потянулся. Пожалуй, кофе сделаю",neutral
tr2860,"До тех пор пока ты не принял окончательное решение, тебя будут мучить сомнения, ты будешь все время помнить о том, что есть шанс повернуть назад, и это не даст тебе работать эффективно. Но в тот момент, когда ты решишься полностью посвятить себя своему делу, Провидение оказывается на твоей стороне. Начинают происходить такие вещи, которые не могли бы случиться при иных обстоятельствах... На что бы ты ни был способен, о чем бы ты ни мечтал, начни осуществлять это. Смелость придает человеку силу и даже магическую власть. Решайся!
И. Гете",neutral
tr2861,эти парни сегодня победят,neutral
tr2862,"Самое ужасное - удалять из телефона смс, в которых все еще было так хорошо . . .",negative
tr2863,От Катюши Белкиной.),neutral
tr2864,Так вот чем я должна была заниматься 5 лет...,neutral
tr2865,"[id12968952|Анютка], вот нафига штамповать статусы как на фабрике?",negative
tr2866,То самое чувство когда ты маг😂😂😂,positive
tr2867,Ты курва братюнь:),neutral
tr2868,Вариант с тросом (закос под роупджамп) мне понравился больше :3,positive
tr2869,"Решите уравнение мужских дел для жизни :
Домов - 3
Деревьев - 5 
Сыновей - ?",neutral
tr2870,"Тим Минчин гений, Блудливая калифорния лучший сериал декады, за эту сцену можно оскар давать.",positive
tr2871,почему все так?..почему не иначе?...кто украл мою удачу и где ее прячет?,negative
tr2872,"Одинокая девяточка-хорошо берут)ну вот,а вы говорите что у нас сырьевая экономика.да мы экспортируем эликсир радости)",positive
tr2873,"Она часами может так сидеть, слушать одну и ту же песню, вытирать слезы ладошкой и убеждать себя в том, что ей все равно...",negative
tr2874,Как прокомментируешь?,neutral
tr2875,"Турнир по пляжному волейболу на кубок ""Sport Inn""
1 место",positive
tr2876,"Кто-то сказал,
чтобы на фото красивыми получаться,
нужно всего лишь немного счастья,
немного счастья...

И я не ною, Господи, я не зануда. 
мне просто чуда...
катастрофически не хватает чуда.",negative
tr2877,"Александр,  МиниТест « Какой телефон тебе подходит? » показал результат ниже. Много других тестов здесь - VK.com/minitest",neutral
tr2878,Первый полет на параплане удался!,positive
tr2879,"Географ глобус пропил. Всем советую этот фильм, боялась, что как обычно зафаршмачат первоисточник, ан нет! Очень качественный фильм; побольше таких на российских экранах!
 А пейзажи то, пейзажи... прям родные!)
Приятного просмотра, друзья!)",positive
tr2880,"Система просканировала присланную Вами фотографию Вашего чемодана, 

лучшие психиатры страны заглянули вам в глаза - и сошлись во мнении, 

что ваш чемодан полностью соответствует государственным стандартам, 

(и даже превосходит их своей нестандартностью!), а вы - яркий представитель 

Великого Казантипского Народа и Гордость Нации!  

До встречи в Республике, 

и не забудьте ваш чемоданчик :) 


С наилучшими пожеланиями, 

Система Удаленной Активации Чемоданов 

Республики Каzантип.",neutral
tr2881,Евгений Ташкин,neutral
tr2882,уже скоро..,neutral
tr2883,"Если тебе надоело общение с odnoklassnikами В_контакте, устал чистить ""Стены"" и отвечать на комменты, прошу тебя зарегистрируйся в TWITTERe!",neutral
tr2884,"Хвостатый не боялся сегодня собачей стаи, гулял вместе со всеми в роще. Хозяева насмотрелись на наш фонарик, и массово обзавелись своими. И если раньше пятнистый бегал среди псов, и я видел огонек, и понимал, что это он. То теперь от огоньков мелькает в глазах, и какой фонарик принадлежит Бушу - так сразу и не скажешь. При забегании в лес фонарик конечно по прежнему выручает, а в стае его стало не разглядеть, тем более что среди псов несколько полностью белых лабриков, и опять же пятнистого так сразу не увидишь...",neutral
tr2885,Выходные с любимыми подругами:*,positive
tr2886,"Черная в наличии , всего за 1500. спешите, одна штука по такой цене",neutral
tr2887,"Смотря на вашу фотографию Игорь, со слезами на глазах сказал: Б.... Продолжение тут:",neutral
tr2888,Я люблю тебя Любимый.,positive
tr2889,"""Бог не может изменить прошлое, но историки могут."" - Сэмюэль Батлер",neutral
tr2890,"Забудьте о прошлом, живите настоящим думайте о будущем.",neutral
tr2891,Февраль пахнет весной,neutral
tr2892,немного эротики,neutral
tr2893,самой милой и хорошей=),positive
tr2894,Этаж надо быть таким ета удотищем!?,negative
tr2895,Президента Уругвая номинировали на Нобелевскую премию мира за легализацию марихуаны,neutral
tr2896,Под эту песню хранили НЕБЕСНУЮ СОТНЮ,negative
tr2897,[♥...ведь все что мне нужно сидит по ту сторону монитора...♥],positive
tr2898,Танцуем под Гайтана - Tолько сегодня,neutral
tr2899,"я б сам такой мразине уебал.......Для одной девушки это человек,которого она сохраняет,а для другой- кусок мяса.... Я просто ахуеваю...",negative
tr2900,ВОТ!ВОТ ОНО!!!!!,positive
tr2901,люблю очень вас^^,positive
tr2902,есть желающие покататься завтра на воздушном шаре недорого?,neutral
tr2903,"#интернеты

Internet Explorer - это такая шлюха, готовая дать кому угодно, но пользуются ею лишь те, кто в разговоре с обычными девушками не способен связать и пару слов.
Красотке Chrome подражают все, кому не лень. Некоторые даже готовы клонировать ее, правда, за схожестью копий скрывается пустота и стервозность. 
Малышка Mozilla Firefox уже не та: жирные ляжки, задница, бока, пузико, руки и даже шея - разнообразие рациона привело к ожирению. Никому не нужна жируха, даже с ученой степенью.
А я продолжу пользоваться своей скромной и уютной Opera. Мы встретились давно - чуть ли не с десяток зим назад. Но лишь пять-шесть лет назад я начал обращать на нее свое внимание. Мы провели вместе долгие годы, а она была со мной и в печали, и в радости.",neutral
tr2904,Слава Украине !,positive
tr2905,Как-то так...,neutral
tr2906,все...сново каторга...опять 10мес мучений...(((((((((,negative
tr2907,"Знатоки футбола! Назовите мне какого-нибудь игрока Ливерпуля, игравшего под номером 4 (кроме Мэтта Басби, Мерелеша и Хююпя)",neutral
tr2908,ну эта еще мелодичней будет=))))),neutral
tr2909,надо было соглашаться на палладий),neutral
tr2910,"Господи, я прошу не о чудесах и не о миражах, а о силе каждого дня.",positive
tr2911,Полиграфические и технические инновации DDelivery)),neutral
tr2912,Ассаи. Незабываемый концерт. Один из лучших вечеров в моей жизни...),positive
tr2913,озн. лечение содой.,neutral
tr2914,"Баш правдив и гениален: Ни одна девушка не стоит того, чтобы ее провожать в Купчино…",negative
tr2915,"А вот еще одна отличная игра, от русских разработчиков. Сама игра бесплатная, версия без рекламы - 33 руб. in-app.",positive
tr2916,"ты ведь не была такой - жизнь меняет,оставаясь невменяемой серыми днями.. летят недели, а тому первому никогда не понять что он наделал!",negative
tr2917,"квн ""пирамида"" 2008 финал lasara",neutral
tr2918,"Наташа, это мое сердце. Что 
тебе с ним делать - решать тебе.",neutral
tr2919,Скоро там такое будет что мама не горюй Хотели нас пограбить что бы еще пожить но увы уже не получиться все краны закрыты вот и возникает что делать а все как обычно придумать псевдо идею для социально не защищенных массы о равенстве .Ес в любом ее проявлении сам развалиться дело времени !,negative
tr2920,"Видимо, проблема еще не устранена? Что-то ничего не показывает. Сообщите, когда устранят, чтобы свой комп зря не терзать.",neutral
tr2921,"Рецепты.Здоровья
Вместо того, чтобы покупать энергетик

1. Настойка элеутерококка - рублей 30 в любой аптеке, хватает на 4 сессии (в среднем). Принимать в соответствии с инструкцией. 

2. Женьшень в гранулах (цена тоже около 30 рублей). 5 штук в рот, если надо быть бодрым часа три, 10 штук хватает на 5 часов.

3. Зеленый чай + 1 долька лимона + 1 чайная ложка меда. Хорошо бодрит. Хватает на 2 часа. При этом снимает нервное напряжение.",neutral
tr2922,завидуй молча!,neutral
tr2923,Хочу стать спанч бобом,neutral
tr2924,Отличные выходные !!!,positive
tr2925,Все я пошла,neutral
tr2926,рекомендует фильм «Сербский фильм» (2010),neutral
tr2927,"--Я привез вам каску боша и вы не довольны.
Что вам это нужно?
---Я хочу 420-ку !",neutral
tr2928,"Сережа, скоро весна)) Пора найти девушку! Одна моя подруга тебе подходит. Узнай кто:",neutral
tr2929,"Заданием было создать осенний торт, проиллюстрировать сборник осенней поэзии, а в третьей фотографии передать осеннее настроение.

 @chefs_battle 
1 этап категория ""Домашняя выпечка"", мой номер 137, номер соперника @oksana_zinoveva  171. судьи @melissa_lichi @anya_pustynnikova @tata_cher Консультант @akel.helen 
🍂Торт в стиле рустик, пропитанный пряным пуншем Эрл Грей, с ягодным конфи в прослойке и творожным кремом🍁. #chefs_battle_back_to_school",neutral
tr2930,чего-то как-то толком не работает оно,negative
tr2931,У кого-нибудь есть канал Спорт-2??? Я одна такая неудачница или нас таких много?,neutral
tr2932,В кафе за окном (вполне себе доминиканском) внезапно заиграла песня Любэ…,neutral
tr2933,Нееет наш разговор!!!,neutral
tr2934,ава дрочная)ахха*,positive
tr2935,Ольга Гаврилюк,neutral
tr2936,Во как надо!))),neutral
tr2937,на батутах прыгаю вот :D,positive
tr2938,#мойсладкийпупс#моясладость#мояжизнь❤️,positive
tr2939,"Уезжаю в хмельницкий,буду в пятницу",neutral
tr2940,В январе был малюсеньким семечком:,neutral
tr2941,"ВЫБОРЫ 25 МАЯ - ВЫБЕРИ ФАШИСТА, КОТОРЫЙ ТЕБЕ БОЛЬШЕ НРАВИТСЯ.",negative
tr2942,"Не судите меня за прошлое, я там больше не живу...",neutral
tr2943,Всех их вместе соберем,neutral
tr2944,Я и моя семья на фоне икеи:D,neutral
tr2945,"Убунта говорит, что минус сорок.",neutral
tr2946,подбираю материалы :),neutral
tr2947,"2 недели проектирования и 3 дня доработки в Photoshop...
Море незабываемого времени проведенного за этим проектом дает в результате неоценимый опыт.
 Наполняя жизнь радостью и счастьем исчезает вся нервозность и обретается чувство свободы перед сдачей проекта (хотя во время своего обучения такие проекты мне и не снились ). Очень рад тому что принял участие в совместной работе с Архитектором с Большой Буквы. Спасибо за то что жизнь прекрасна!)",positive
tr2948,хотелось бы)),positive
tr2949,"Ищу компанию. Билеты будут, как я понимаю, 17 или 18 января в продаже.",neutral
tr2950,"Как проверить теорию тесного мира (""теорию 6 рукопожатий"") в контакте?

1. Напишите в поиске людей любое имя и фамилию, какие придут в голову (предварительно выбрав свою страну).
2. Из полученного списка выберите человека не из вашего города (лучше подальше, чтобы было интереснее) 
3. Зайдите в его список друзей и перейдите на страницу первого в списке.
4. Повторите пункт 3, считая количество ""рукопожатий"". В среднем бывает 3-5.
ШОК РЕБЯТ, ПРОСТО ШОК)))",neutral
tr2951,куда она поехала.?,neutral
tr2952,"Очень гармоничные и приятные ребята Костя и Лена! Красавица Лена, не переставала улыбаться весь день!))) Съемка прошла налегке! Парочка снимков для анонса)",positive
tr2953,это тебе надо=))))),neutral
tr2954,ну вот эта просто не может не понравиться! ))),positive
tr2955,Спасибочки за лайки Мисс Кирачка!!!))),positive
tr2956,Так нежно)),positive
tr2957,"Ребзя, а где в Казани можно поиграть в кикер?!",neutral
tr2958,"У моей будущей девушке будет скромный и самый красивый, но немного разбалованный парень...",positive
tr2959,"Вот это я понимаю, реконструктор чувак! :))",positive
tr2960,К школе готов!,neutral
tr2961,"Считаю, что лучший рэпер России: Баста (Ноггано) ! А ты?",neutral
tr2962,и тишина .никто не пишит.....,neutral
tr2963,Завтра подлечимся!!!),neutral
tr2964,А ты меня не перестаешь удивлять..аахахаахах)))),positive
tr2965,я просто ЛЮБЛЮ!!! И лишних слов не нужно,positive
tr2966,И вообще! Я соскучилась:<,negative
tr2967,А ну ка?)кто-нибудь вспомнит этот трек)? в 2007 году через каждые 5 минут на рекорде играл),neutral
tr2968,"Ученые установили, что свыше 90 % жестоких преступлений совершаются в течение 24 часов после употребления хлебa.",neutral
tr2969,"Приличная девушка - эта не та, что целыми днями сидит дома, прикованная 
наручниками к батарее, а та, которой дают полную свободу, а она 
продолжает оставаться приличной.",neutral
tr2970,"А сейчас вчерашний жопорукий сварщик-очкарик рассказывает нам, как у пиндосов строятся и работают авианосцы.
Снова отбирает хлеб у рабочих.
На этот раз он погнул авианосец. Не весь конечно же, так - фрагмент...",negative
tr2971,"Прошел день,а я уже успел соскучиться.Сладких снов тебе,вредина моя=)",positive
tr2972,Мяф мяф:* люлюлю,positive
tr2973,"Слушай , Сашка))*",neutral
tr2974,"Девушки, всем кому обещал звезду с неба, не обессудьте что с моря! Берите что есть!!",neutral
tr2975,оставь комментарий и я скажу с какой песней ты мне асоциируешся),neutral
tr2976,Предлагаю поржать вместе:),positive
tr2977,Я сделал себе аватар в этом приложении,neutral
tr2978,ЛИТВА ПОЗОР!!!!!,negative
tr2979,Немного из ночи часть 1,neutral
tr2980,что-то все заебало очень?!!!!!!!!!!!!,negative
tr2981,Прошлое) Ахах,positive
tr2982,Вот так вот!!)),neutral
tr2983,Небольшой backstage) качество 720,neutral
tr2984,Ты мне принципиально на сообщения не отвечаешь?,neutral
tr2985,Щя буду пивас пить!!!!,neutral
tr2986,"Не ищите счастья, а будьте его источником.",neutral
tr2987,Мой красивый бизнес...👑👑👑 Жить нужно достойно😙😙😙,positive
tr2988,Блиинн))) У тебя очень классные фотки))) И ты очень красивый))),positive
tr2989,В Тамбове ЖАРА!!!В Тамбове ЖАРА!!!,positive
tr2990,Как стемнеет-будем брать!,neutral
tr2991,"Никому и никогда не позволю сказать хоть одно негативное слово в сторону моей сестры. Вы можете думать все что захотите! Но оставляйте свое мнение при себе. Она мой самый близкий человек,она мой лучик света,она моя сестра. И мне все равно,что вы о ней думаете. Пусть она не всегда поступает верно и вообще некоторые ее поступки неадекватны, но для меня она есть и будет самой лучшей:**",positive
tr2992,"она убийца,слушай до конца.",neutral
tr2993,"Если бы вам в жизни суждено было сделать одну единственную вещь, что бы это было?",neutral
tr2994,оденься так на наше первое свидание,neutral
tr2995,"Наполеон классический 2,5 кг. А я рада вам сообщить, что теперь Наполеон доступен для заказа в весе от 2 кг! Кроме того он может сам приехать к вам, на выгодных условиях доставки! )",neutral
tr2996,"на 26.10.2012мхк - 2 вар. подг. сообщение об образе Ивана Грозного в живописи.
рус. яз. - пар. 21, №116
алгебра - пункт 14, №355,356
биология - выучить записи в тетраде",neutral
tr2997,Обе бросили меня 😂,negative
tr2998,"Для своей собаки Евы Браун ещу собачонка Адольфа Шикльгрубера. Можно любого расово верного, породистого Чихуа, откликающегося на кличку Адольф. Не арийских полукровок не предлагать. 

(Ищу на будущее, ясно понятно. Так сказать, заранее).",neutral
tr2999,УРА ...Я НАШЛА СЕБЕ МУЖА)))),positive
